Date,RUS-Tanks-Documented,RUS-Tanks-Claimed-UKR,RUS-Aircraft-Documented,RUS-Aircraft-Claimed-UKR,RUS-Artillery-Documented,RUS-Artillery-Claimed-UKR,RUS-AirDefense-Documented,RUS-AirDefense-Claimed-UKR,RUS-Vehicles-Documented,RUS-Vehicles-Claimed-UKR,RUS-Personnel-Documented,RUS-Personnel-Claimed-UKR
2022-02-24,1,0.0,4,13.0,0,0.0,1,0.0,9,0.0,3,800.0
2022-02-25,2,0.0,5,17.0,4,0.0,2,0.0,19,0.0,9,2800.0
2022-02-26,7,0.0,5,34.0,4,0.0,3,0.0,37,0.0,18,3000.0
2022-02-27,9,150.0,6,55.0,4,54.0,4,1.0,66,0.0,32,4500.0
2022-02-28,41,191.0,7,61.0,9,95.0,15,1.0,108,291.0,77,5300.0
2022-03-01,44,198.0,9,61.0,10,101.0,16,8.0,117,305.0,84,5710.0
2022-03-02,55,271.0,12,64.0,16,125.0,20,9.0,162,355.0,110,5840.0
2022-03-03,65,277.0,12,64.0,21,132.0,20,11.0,177,374.0,123,9000.0
2022-03-04,91,311.0,15,77.0,24,155.0,25,18.0,204,404.0,138,9166.0
2022-03-05,106,329.0,22,82.0,24,155.0,27,19.0,224,409.0,175,10000.0
2022-03-06,119,345.0,22,96.0,42,159.0,29,21.0,255,447.0,199,11000.0
2022-03-07,136,350.0,24,121.0,44,167.0,31,23.0,261,454.0,212,11000.0
2022-03-08,151,363.0,24,135.0,47,176.0,32,27.0,296,474.0,224,12000.0
2022-03-09,156,377.0,24,137.0,49,176.0,32,28.0,298,482.0,229,12000.0
2022-03-10,166,395.0,27,137.0,51,179.0,36,29.0,302,526.0,242,12000.0
2022-03-11,190,413.0,29,147.0,53,183.0,38,31.0,334,558.0,263,12000.0
2022-03-12,193,422.0,32,148.0,55,197.0,40,33.0,343,585.0,270,12000.0
2022-03-13,198,434.0,33,167.0,55,202.0,40,34.0,346,600.0,272,12000.0
2022-03-14,209,449.0,35,175.0,57,214.0,40,34.0,407,617.0,286,12000.0
2022-03-15,217,464.0,36,185.0,62,214.0,42,36.0,414,640.0,299,13000.0
2022-03-16,229,490.0,53,203.0,63,260.0,42,43.0,420,819.0,307,13000.0
2022-03-17,237,504.0,53,205.0,67,273.0,43,43.0,482,864.0,330,14000.0
2022-03-18,244,510.0,56,217.0,70,277.0,46,43.0,499,879.0,347,14000.0
2022-03-19,251,526.0,57,227.0,71,285.0,46,44.0,520,914.0,354,14000.0
2022-03-20,263,536.0,61,235.0,75,304.0,50,44.0,544,947.0,369,14000.0
2022-03-21,263,558.0,62,242.0,76,320.0,50,45.0,544,969.0,370,15000.0
2022-03-22,270,579.0,63,257.0,86,332.0,50,45.0,547,1000.0,380,15000.0
2022-03-23,277,587.0,66,267.0,88,347.0,51,47.0,567,1008.0,387,15000.0
2022-03-24,280,602.0,66,282.0,95,362.0,51,47.0,579,1033.0,390,15000.0
2022-03-25,295,633.0,67,293.0,97,381.0,51,49.0,587,1089.0,418,16000.0
2022-03-26,298,648.0,67,297.0,100,384.0,51,51.0,592,1131.0,428,16000.0
2022-03-27,310,655.0,68,304.0,104,387.0,52,52.0,629,1144.0,443,16000.0
2022-03-28,318,659.0,68,316.0,104,397.0,52,54.0,640,1150.0,450,17000.0
2022-03-29,340,670.0,70,327.0,106,399.0,52,54.0,650,1178.0,468,17000.0
2022-03-30,347,680.0,71,343.0,112,401.0,53,54.0,650,1184.0,475,17000.0
2022-03-31,352,689.0,70,349.0,112,407.0,54,54.0,652,1201.0,497,17000.0
2022-04-01,388,701.0,74,359.0,115,412.0,56,54.0,667,1220.0,527,17000.0
2022-04-02,391,707.0,74,364.0,116,417.0,56,54.0,667,1236.0,528,17000.0
2022-04-03,410,720.0,78,366.0,126,430.0,57,54.0,694,1249.0,557,18000.0
2022-04-04,425,723.0,79,373.0,131,437.0,62,54.0,698,1273.0,574,18000.0
2022-04-05,427,752.0,74,378.0,132,439.0,63,55.0,714,1322.0,610,18000.0
2022-04-06,452,760.0,74,381.0,138,439.0,70,55.0,728,1324.0,623,18000.0
2022-04-07,448,774.0,74,396.0,138,440.0,73,55.0,750,1358.0,636,18000.0
2022-04-08,449,776.0,76,397.0,139,441.0,73,55.0,751,1361.0,638,19000.0
2022-04-09,456,781.0,78,399.0,146,443.0,73,55.0,779,1363.0,670,19000.0
2022-04-10,467,798.0,79,401.0,149,450.0,74,55.0,787,1384.0,675,19000.0
2022-04-11,476,801.0,80,410.0,151,458.0,74,55.0,787,1387.0,684,19000.0
2022-04-12,488,808.0,80,421.0,152,460.0,75,63.0,789,1406.0,689,19000.0
2022-04-13,505,815.0,81,433.0,154,473.0,76,64.0,823,1429.0,708,19000.0
2022-04-14,507,829.0,84,438.0,156,488.0,76,64.0,826,1437.0,708,19000.0
2022-04-15,507,832.0,86,442.0,156,488.0,76,66.0,826,1443.0,708,20000.0
2022-04-16,505,838.0,86,446.0,156,496.0,76,66.0,827,1458.0,711,20100.0
2022-04-17,510,849.0,89,459.0,157,503.0,76,66.0,832,1471.0,713,20000.0
2022-04-18,519,866.0,91,469.0,157,511.0,76,67.0,834,1487.0,727,20000.0
2022-04-19,519,878.0,94,477.0,157,518.0,76,67.0,834,1495.0,729,20000.0
2022-04-20,525,891.0,96,486.0,157,527.0,77,67.0,841,1504.0,753,20000.0
2022-04-21,531,905.0,102,489.0,157,529.0,77,67.0,856,1508.0,757,21000.0
2022-04-22,531,914.0,102,501.0,157,535.0,77,69.0,856,1523.0,757,21200.0
2022-04-23,543,930.0,105,513.0,160,546.0,77,69.0,857,1543.0,777,21600.0
2022-04-24,551,949.0,105,524.0,161,555.0,77,69.0,857,1557.0,792,21800.0
2022-04-25,562,960.0,106,536.0,162,560.0,77,69.0,861,1566.0,813,21900.0
2022-04-26,571,994.0,110,543.0,162,565.0,77,69.0,862,1643.0,816,22000.0
2022-04-27,579,1015.0,111,547.0,162,570.0,77,71.0,867,1666.0,823,22000.0
2022-04-28,584,1046.0,113,557.0,162,582.0,77,72.0,867,1688.0,825,22000.0
2022-04-29,587,1062.0,113,573.0,162,586.0,78,73.0,870,1695.0,826,23000.0
2022-04-30,595,1084.0,114,577.0,165,587.0,79,77.0,878,1701.0,852,23000.0
2022-05-01,606,1026.0,114,592.0,165,602.0,79,80.0,878,1796.0,855,23000.0
2022-05-02,600,1048.0,115,620.0,167,611.0,80,80.0,884,1824.0,859,23000.0
2022-05-03,600,1062.0,119,640.0,167,637.0,81,80.0,894,1843.0,870,24000.0
2022-05-04,605,1077.0,121,652.0,168,654.0,81,81.0,907,1867.0,877,24000.0
2022-05-05,608,1092.0,123,663.0,168,668.0,81,83.0,915,1907.0,885,24000.0
2022-05-06,625,1110.0,117,678.0,168,673.0,82,83.0,916,1926.0,896,24900.0
2022-05-07,623,1122.0,117,695.0,169,681.0,83,84.0,918,1934.0,896,25000.0
2022-05-08,633,1130.0,121,715.0,173,688.0,83,86.0,919,1961.0,905,25000.0
2022-05-09,641,1145.0,122,734.0,174,698.0,84,87.0,942,1970.0,918,25650.0
2022-05-10,645,1170.0,123,737.0,175,704.0,84,87.0,942,1980.0,920,26000.0
2022-05-11,662,1187.0,125,749.0,179,713.0,84,87.0,948,1997.0,921,26350.0
2022-05-12,662,1195.0,125,758.0,179,725.0,84,87.0,948,2019.0,921,26650.0
2022-05-13,668,1205.0,128,767.0,182,735.0,84,88.0,955,2042.0,932,26000.0
2022-05-14,669,1218.0,128,774.0,182,746.0,84,88.0,957,2059.0,938,27000.0
2022-05-15,669,1220.0,128,780.0,182,750.0,84,89.0,957,2087.0,938,27000.0
2022-05-16,669,1228.0,128,792.0,182,772.0,84,89.0,957,2101.0,938,27000.0
2022-05-17,669,1235.0,128,804.0,182,776.0,84,90.0,957,2109.0,938,27000.0
2022-05-18,669,1251.0,128,810.0,182,785.0,84,91.0,957,2137.0,938,28000.0
2022-05-19,671,1254.0,128,825.0,182,794.0,84,93.0,957,2157.0,942,28000.0
2022-05-20,682,1263.0,131,832.0,182,796.0,87,93.0,958,2162.0,947,28000.0
2022-05-21,685,1278.0,133,835.0,184,797.0,88,93.0,960,2178.0,955,28850.0
2022-05-22,691,1285.0,142,844.0,187,800.0,88,93.0,971,2194.0,973,29050.0
2022-05-23,694,1293.0,143,850.0,187,805.0,88,93.0,1075,2206.0,975,29000.0
2022-05-24,696,1302.0,143,855.0,187,807.0,88,93.0,1177,2213.0,983,29350.0
2022-05-25,718,1305.0,145,867.0,187,807.0,88,93.0,1177,2218.0,1014,29450.0
2022-05-26,733,1315.0,148,878.0,187,818.0,88,93.0,1182,2225.0,1023,29600.0
2022-05-27,734,1322.0,149,879.0,187,824.0,89,93.0,1184,2226.0,1026,29750.0
2022-05-28,736,1330.0,151,884.0,189,831.0,88,93.0,1185,2226.0,1028,30000.0
2022-05-29,738,1338.0,151,885.0,190,834.0,88,93.0,1184,2240.0,1031,30150.0
2022-05-30,741,1349.0,147,888.0,190,848.0,88,93.0,1185,2258.0,1040,30000.0
2022-05-31,742,1358.0,148,897.0,190,856.0,88,93.0,1186,2275.0,1041,30000.0
2022-06-01,747,1361.0,149,902.0,190,866.0,88,94.0,1187,2290.0,1047,30000.0
2022-06-02,749,1363.0,153,906.0,190,868.0,88,95.0,1187,2325.0,1047,30850.0
2022-06-03,751,1367.0,153,920.0,190,882.0,88,95.0,1187,2329.0,1047,30950.0
2022-06-04,761,1376.0,154,925.0,191,887.0,88,95.0,1189,2337.0,1051,31050.0
2022-06-05,759,1381.0,155,933.0,191,893.0,88,95.0,1190,2360.0,1050,31000.0
2022-06-06,761,1386.0,155,938.0,190,897.0,88,96.0,1191,2395.0,1057,31000.0
2022-06-07,761,1390.0,156,942.0,190,901.0,88,96.0,1194,2405.0,1059,31360.0
2022-06-08,760,1393.0,157,949.0,191,916.0,88,96.0,1200,2406.0,1067,31000.0
2022-06-09,762,1398.0,157,952.0,191,924.0,88,96.0,1202,2421.0,1063,31000.0
2022-06-10,766,1409.0,159,962.0,192,934.0,88,97.0,1212,2438.0,1069,31000.0
2022-06-11,767,1419.0,159,969.0,193,934.0,88,97.0,1215,2448.0,1070,32050.0
2022-06-12,774,1430.0,160,972.0,194,941.0,88,97.0,1226,2455.0,1072,32150.0
2022-06-13,774,1432.0,161,976.0,194,944.0,88,97.0,1226,2460.0,1075,32000.0
2022-06-14,774,1434.0,161,980.0,194,950.0,88,97.0,1226,2473.0,1077,32000.0
2022-06-15,774,1440.0,161,983.0,194,952.0,88,97.0,1226,2485.0,1077,32750.0
2022-06-16,781,1449.0,166,983.0,194,962.0,88,97.0,1200,2494.0,1078,32950.0
2022-06-17,781,1456.0,166,988.0,194,967.0,88,97.0,1200,2496.0,1078,33150.0
2022-06-18,762,1465.0,167,990.0,195,972.0,88,98.0,1181,2513.0,1078,33000.0
2022-06-19,767,1468.0,169,995.0,199,980.0,88,98.0,1183,2523.0,1090,33000.0
2022-06-20,767,1477.0,169,998.0,199,987.0,88,98.0,1183,2527.0,1090,33000.0
2022-06-21,770,1496.0,172,1008.0,199,991.0,88,98.0,1184,2537.0,1098,34100.0
2022-06-22,770,1496.0,172,1012.0,199,991.0,88,99.0,1184,2543.0,1098,34230.0
2022-06-23,770,1504.0,172,1019.0,199,996.0,88,99.0,1184,2548.0,1098,34430.0
2022-06-24,770,1507.0,172,1021.0,199,1000.0,88,99.0,1184,2553.0,1098,34530.0
2022-06-25,770,1511.0,172,1027.0,199,1005.0,88,99.0,1184,2560.0,1098,34000.0
2022-06-26,770,1532.0,172,1031.0,199,1007.0,88,99.0,1191,2564.0,1098,34850.0
2022-06-27,770,1552.0,172,1037.0,199,1014.0,88,101.0,1197,2575.0,1098,35000.0
2022-06-28,804,1567.0,175,1038.0,204,1021.0,88,102.0,1202,2589.0,1116,35000.0
2022-06-29,808,1572.0,175,1042.0,210,1027.0,88,103.0,1194,2598.0,1145,35450.0
2022-06-30,808,1573.0,175,1043.0,210,1036.0,88,104.0,1194,2602.0,1142,35000.0
2022-07-01,808,1577.0,175,1048.0,210,1042.0,88,105.0,1194,2610.0,1142,35000.0
2022-07-02,821,1582.0,176,1056.0,211,1046.0,88,105.0,1209,2614.0,1153,35870.0
2022-07-03,824,1584.0,176,1058.0,210,1047.0,88,105.0,1209,2618.0,1151,35970.0
2022-07-04,831,1589.0,178,1062.0,210,1050.0,90,105.0,1211,2629.0,1150,36000.0
2022-07-05,834,1594.0,179,1064.0,210,1053.0,90,105.0,1214,2634.0,1155,36350.0
2022-07-06,836,1600.0,178,1068.0,210,1059.0,90,107.0,1217,2648.0,1155,36000.0
2022-07-07,848,1602.0,178,1071.0,210,1062.0,90,107.0,1217,2665.0,1139,36650.0
2022-07-08,853,1637.0,178,1073.0,210,1075.0,91,107.0,1228,2685.0,1146,36900.0
2022-07-09,857,1638.0,178,1078.0,211,1079.0,91,108.0,1231,2687.0,1149,37000.0
2022-07-10,862,1641.0,178,1081.0,211,1081.0,91,108.0,1232,2694.0,1149,37000.0
2022-07-11,869,1645.0,179,1081.0,214,1085.0,91,109.0,1237,2696.0,1151,37000.0
2022-07-12,869,1649.0,179,1081.0,214,1085.0,91,109.0,1237,2699.0,1156,37470.0
2022-07-13,868,1649.0,179,1083.0,215,1086.0,91,109.0,1238,2704.0,1159,37570.0
2022-07-14,869,1667.0,180,1088.0,215,1087.0,91,109.0,1247,2720.0,1163,37870.0
2022-07-15,873,1672.0,180,1089.0,216,1089.0,91,109.0,1254,2731.0,1163,38000.0
2022-07-16,876,1677.0,180,1095.0,217,1093.0,91,109.0,1255,2735.0,1165,38140.0
2022-07-17,882,1684.0,180,1096.0,217,1094.0,91,110.0,1259,2746.0,1163,38000.0
2022-07-18,867,1687.0,181,1098.0,219,1097.0,91,113.0,1259,2753.0,1188,38450.0
2022-07-19,871,1691.0,184,1101.0,220,1099.0,92,113.0,1254,2767.0,1191,38550.0
2022-07-20,874,1700.0,184,1112.0,222,1106.0,92,113.0,1254,2775.0,1195,38000.0
2022-07-21,873,1704.0,184,1119.0,225,1110.0,92,113.0,1254,2781.0,1195,38850.0
2022-07-22,873,1704.0,184,1122.0,225,1114.0,92,113.0,1254,2803.0,1195,39000.0
2022-07-23,882,1708.0,184,1123.0,225,1117.0,92,113.0,1258,2820.0,1202,39240.0
2022-07-24,885,1722.0,186,1123.0,228,1124.0,94,113.0,1262,2823.0,1209,39520.0
2022-07-25,887,1730.0,186,1129.0,229,1133.0,94,116.0,1265,2832.0,1207,39700.0
2022-07-26,892,1737.0,186,1133.0,229,1138.0,94,117.0,1264,2835.0,1211,39870.0
2022-07-27,898,1738.0,186,1138.0,231,1141.0,94,117.0,1365,2847.0,1229,40070.0
2022-07-28,900,1742.0,187,1141.0,231,1152.0,94,117.0,1365,2854.0,1232,40230.0
2022-07-29,903,1749.0,188,1143.0,231,1158.0,94,117.0,1369,2870.0,1234,40000.0
2022-07-30,910,1759.0,188,1145.0,231,1164.0,94,117.0,1371,2889.0,1236,40670.0
2022-07-31,916,1763.0,189,1148.0,233,1175.0,95,117.0,1376,2902.0,1238,40830.0
2022-08-01,920,1768.0,189,1149.0,235,1191.0,95,117.0,1377,2912.0,1241,41030.0
2022-08-02,923,1768.0,189,1153.0,235,1195.0,96,117.0,1378,2914.0,1245,41170.0
2022-08-03,925,1774.0,189,1154.0,237,1198.0,96,118.0,1379,2922.0,1250,41350.0
2022-08-04,925,1789.0,189,1156.0,237,1206.0,96,118.0,1381,2960.0,1253,41000.0
2022-08-05,926,1792.0,189,1156.0,237,1210.0,96,123.0,1383,2964.0,1257,41650.0
2022-08-06,929,1802.0,191,1158.0,237,1215.0,96,127.0,1385,2970.0,1260,41900.0
2022-08-07,931,1805.0,191,1164.0,237,1218.0,96,132.0,1387,2978.0,1266,42200.0
2022-08-08,930,1811.0,191,1169.0,237,1221.0,97,132.0,1388,2993.0,1273,42340.0
2022-08-09,933,1817.0,192,1173.0,237,1225.0,98,133.0,1390,2998.0,1272,42640.0
2022-08-10,936,1832.0,203,1191.0,237,1232.0,98,133.0,1396,3005.0,1271,42000.0
2022-08-11,939,1846.0,204,1197.0,238,1235.0,98,134.0,1401,3018.0,1275,43000.0
2022-08-12,940,1849.0,204,1204.0,238,1236.0,98,136.0,1402,3021.0,1280,43000.0
2022-08-13,942,1856.0,209,1205.0,238,1239.0,98,136.0,1391,3036.0,1283,43000.0
2022-08-14,946,1864.0,209,1211.0,240,1241.0,98,136.0,1383,3039.0,1284,43550.0
2022-08-15,952,1876.0,211,1215.0,240,1246.0,98,136.0,1384,3044.0,1286,43750.0
2022-08-16,955,1880.0,212,1219.0,240,1252.0,98,136.0,1385,3049.0,1286,43900.0
2022-08-17,961,1886.0,212,1221.0,240,1256.0,98,136.0,1387,3054.0,1286,44000.0
2022-08-18,964,1889.0,212,1224.0,241,1275.0,98,136.0,1389,3061.0,1287,44000.0
2022-08-19,969,1899.0,213,1226.0,241,1282.0,98,141.0,1389,3130.0,1290,44000.0
2022-08-20,970,1907.0,213,1234.0,241,1284.0,99,141.0,1389,3137.0,1292,44000.0
2022-08-21,968,1912.0,213,1237.0,241,1294.0,99,141.0,1389,3143.0,1304,45000.0
2022-08-22,970,1919.0,218,1247.0,248,1298.0,98,145.0,1437,3149.0,1316,45000.0
2022-08-23,970,1921.0,218,1249.0,249,1299.0,98,146.0,1445,3150.0,1316,45550.0
2022-08-24,972,1924.0,218,1252.0,249,1302.0,98,147.0,1445,3160.0,1305,45000.0
2022-08-25,978,1929.0,219,1264.0,251,1309.0,98,148.0,1445,3160.0,1310,45850.0
2022-08-26,978,1936.0,219,1270.0,251,1312.0,98,148.0,1445,3162.0,1310,46250.0
2022-08-27,980,1939.0,219,1272.0,250,1319.0,98,148.0,1444,3165.0,1316,46500.0
2022-08-28,989,1942.0,221,1274.0,250,1324.0,98,148.0,1447,3171.0,1320,46000.0
2022-08-29,988,1947.0,221,1281.0,251,1339.0,98,149.0,1448,3188.0,1320,47000.0
2022-08-30,990,1954.0,221,1285.0,253,1361.0,98,151.0,1452,3217.0,1322,47550.0
2022-08-31,994,1974.0,222,1287.0,253,1376.0,98,152.0,1454,3236.0,1328,47900.0
2022-09-01,994,1997.0,222,1290.0,254,1402.0,98,153.0,1455,3239.0,1329,48350.0
2022-09-02,998,2009.0,223,1292.0,254,1415.0,98,153.0,1455,3247.0,1336,48000.0
2022-09-03,1004,2034.0,224,1304.0,254,1427.0,99,153.0,1457,3268.0,1345,49050.0
2022-09-04,1008,2049.0,225,1306.0,255,1441.0,99,156.0,1458,3276.0,1349,49000.0
2022-09-05,1012,2068.0,225,1309.0,256,1451.0,102,156.0,1461,3286.0,1358,49800.0
2022-09-06,1012,2077.0,225,1319.0,256,1475.0,102,156.0,1461,3305.0,1358,50150.0
2022-09-07,1023,2097.0,226,1325.0,264,1494.0,102,156.0,1472,3320.0,1382,50610.0
2022-09-08,1029,2112.0,226,1333.0,267,1531.0,102,159.0,1482,3344.0,1404,51250.0
2022-09-09,1037,2122.0,225,1338.0,269,1543.0,104,159.0,1496,3399.0,1415,51000.0
2022-09-10,1049,2136.0,226,1349.0,275,1570.0,105,162.0,1513,3426.0,1434,52250.0
2022-09-11,1073,2154.0,226,1357.0,278,1574.0,105,162.0,1533,3445.0,1466,52000.0
2022-09-12,1087,2168.0,230,1359.0,291,1580.0,105,162.0,1547,3463.0,1489,52950.0
2022-09-13,1112,2175.0,231,1361.0,295,1590.0,105,165.0,1557,3469.0,1512,53300.0
2022-09-14,1122,2180.0,231,1369.0,300,1601.0,105,167.0,1566,3501.0,1542,53650.0
2022-09-15,1130,2193.0,231,1373.0,303,1606.0,105,167.0,1571,3522.0,1555,53850.0
2022-09-16,1128,2199.0,231,1374.0,303,1614.0,105,168.0,1572,3550.0,1555,54050.0
2022-09-17,1135,2202.0,232,1378.0,307,1618.0,105,168.0,1607,3571.0,1565,54250.0
2022-09-18,1147,2210.0,232,1386.0,310,1621.0,105,168.0,1611,3578.0,1569,54480.0
2022-09-19,1156,2212.0,233,1388.0,307,1625.0,105,168.0,1611,3581.0,1569,54650.0
2022-09-20,1157,2216.0,233,1394.0,308,1641.0,105,168.0,1611,3587.0,1569,54810.0
2022-09-21,1176,2227.0,233,1402.0,313,1658.0,105,168.0,1654,3610.0,1584,55110.0
2022-09-22,1183,2236.0,234,1412.0,314,1659.0,105,169.0,1658,3630.0,1597,55510.0
2022-09-23,1186,2254.0,237,1423.0,317,1681.0,105,170.0,1670,3659.0,1602,56060.0
2022-09-24,1188,2262.0,239,1431.0,316,1688.0,107,170.0,1675,3681.0,1609,56000.0
2022-09-25,1192,2275.0,239,1445.0,317,1696.0,107,171.0,1675,3701.0,1610,56700.0
2022-09-26,1180,2290.0,239,1454.0,317,1699.0,107,172.0,1676,3711.0,1613,57200.0
2022-09-27,1187,2306.0,239,1462.0,322,1709.0,109,175.0,1686,3730.0,1617,57750.0
2022-09-28,1190,2312.0,240,1475.0,323,1712.0,109,175.0,1698,3742.0,1631,58000.0
2022-09-29,1211,2325.0,241,1481.0,326,1716.0,109,175.0,1712,3751.0,1681,58580.0
2022-09-30,1224,2338.0,241,1492.0,328,1724.0,109,176.0,1715,3768.0,1696,59080.0
2022-10-01,1232,2354.0,243,1499.0,328,1733.0,109,176.0,1726,3786.0,1709,59610.0
2022-10-02,1241,2377.0,245,1506.0,329,1742.0,109,176.0,1731,3796.0,1723,60110.0
2022-10-03,1248,2380.0,247,1519.0,330,1743.0,109,176.0,1742,3811.0,1729,60430.0
2022-10-04,1262,2424.0,248,1522.0,330,1747.0,109,177.0,1750,3823.0,1741,60000.0
2022-10-05,1280,2435.0,248,1530.0,332,1755.0,109,177.0,1755,3841.0,1756,61000.0
2022-10-06,1292,2449.0,248,1545.0,335,1768.0,109,177.0,1761,3854.0,1764,61330.0
2022-10-07,1298,2466.0,249,1566.0,338,1799.0,109,177.0,1768,3862.0,1773,61680.0
2022-10-08,1300,2472.0,250,1579.0,341,1804.0,110,180.0,1773,3875.0,1790,62060.0
2022-10-09,1312,2486.0,252,1587.0,345,1825.0,111,180.0,1783,3890.0,1806,62000.0
2022-10-10,1311,2495.0,252,1599.0,345,1839.0,111,181.0,1781,3908.0,1805,62870.0
2022-10-11,1324,2504.0,253,1617.0,350,1849.0,111,181.0,1796,3916.0,1822,63110.0
2022-10-12,1329,2505.0,253,1652.0,353,1894.0,112,183.0,1802,3926.0,1831,63380.0
2022-10-13,1329,2511.0,253,1690.0,353,1913.0,112,183.0,1802,3935.0,1830,63000.0
2022-10-14,1337,2521.0,253,1707.0,359,1928.0,112,186.0,1810,3944.0,1845,64000.0
2022-10-15,1342,2524.0,253,1720.0,360,1947.0,112,186.0,1813,3951.0,1855,64700.0
2022-10-16,1347,2529.0,253,1734.0,360,1954.0,112,186.0,1815,3959.0,1857,65000.0
2022-10-17,1393,2537.0,254,1751.0,370,1965.0,114,187.0,1882,3969.0,1967,65320.0
2022-10-18,1400,2548.0,254,1786.0,376,1994.0,114,188.0,1886,3985.0,1974,65850.0
2022-10-19,1393,2554.0,256,1797.0,378,2009.0,114,189.0,1889,3999.0,1979,66280.0
2022-10-20,1398,2567.0,257,1823.0,379,2018.0,114,189.0,1891,4005.0,1986,66650.0
2022-10-21,1399,2573.0,257,1837.0,379,2020.0,114,189.0,1893,4006.0,1991,66750.0
2022-10-22,1401,2579.0,257,1854.0,381,2026.0,114,189.0,1894,4021.0,1998,67070.0
2022-10-23,1407,2584.0,258,1876.0,381,2041.0,114,189.0,1898,4039.0,2006,67470.0
2022-10-24,1415,2590.0,258,1885.0,382,2048.0,114,189.0,1902,4044.0,2017,67940.0
2022-10-25,1420,2611.0,258,1891.0,383,2051.0,114,190.0,1910,4054.0,2026,68420.0
2022-10-26,1426,2628.0,258,1898.0,384,2065.0,114,192.0,1926,4076.0,2035,68000.0
2022-10-27,1429,2631.0,258,1918.0,386,2069.0,114,192.0,1931,4078.0,2039,69220.0
2022-10-28,1412,2640.0,258,1924.0,387,2077.0,111,192.0,1933,4088.0,2027,69700.0
2022-10-29,1419,2659.0,258,1931.0,392,2088.0,111,195.0,1894,4107.0,2031,70250.0
2022-10-30,1419,2672.0,258,1938.0,392,2107.0,111,197.0,1894,4120.0,2031,71200.0
2022-10-31,1429,2686.0,261,1941.0,395,2111.0,111,197.0,1903,4128.0,2048,71820.0
2022-11-01,1417,2698.0,261,1948.0,393,2113.0,109,197.0,1893,4143.0,2030,72470.0
2022-11-02,1420,2714.0,263,1973.0,392,2120.0,111,198.0,1903,4153.0,2039,73270.0
2022-11-03,1420,2734.0,263,1977.0,392,2145.0,111,198.0,1903,4162.0,2039,74000.0
2022-11-04,1420,2750.0,263,1985.0,392,2163.0,111,201.0,1903,4174.0,2039,74840.0
2022-11-05,1420,2758.0,261,1999.0,392,2167.0,111,202.0,1903,4184.0,2039,75440.0
2022-11-06,1420,2765.0,261,2002.0,392,2172.0,111,202.0,1903,4191.0,2039,75000.0
2022-11-07,1445,2771.0,261,2009.0,392,2173.0,114,202.0,1915,4199.0,2077,76460.0
2022-11-08,1450,2786.0,264,2014.0,393,2182.0,115,203.0,1916,4216.0,2079,77170.0
2022-11-09,1460,2801.0,268,2021.0,396,2195.0,115,205.0,1920,4227.0,2092,77950.0
2022-11-10,1465,2804.0,268,2037.0,404,2198.0,115,205.0,1927,4242.0,2104,78690.0
2022-11-11,1476,2814.0,268,2044.0,405,2210.0,116,205.0,1944,4259.0,2118,79000.0
2022-11-12,1477,2838.0,268,2045.0,411,2222.0,118,205.0,1950,4279.0,2142,80210.0
2022-11-13,1485,2840.0,274,2046.0,419,2230.0,120,206.0,1966,4295.0,2154,80860.0
2022-11-14,1485,2848.0,274,2048.0,419,2232.0,120,206.0,1966,4316.0,2154,81370.0
2022-11-15,1491,2861.0,279,2050.0,430,2243.0,120,208.0,1979,4351.0,2163,82080.0
2022-11-16,1491,2871.0,279,2064.0,430,2253.0,120,209.0,1979,4360.0,2163,82710.0
2022-11-17,1494,2878.0,279,2070.0,435,2253.0,120,209.0,1979,4362.0,2173,83110.0
2022-11-18,1499,2879.0,283,2075.0,439,2258.0,120,209.0,1984,4366.0,2180,83460.0
2022-11-19,1500,2885.0,283,2075.0,439,2260.0,120,209.0,1984,4368.0,2180,83880.0
2022-11-20,1504,2886.0,283,2076.0,443,2261.0,120,209.0,1986,4371.0,2185,84210.0
2022-11-21,1503,2892.0,283,2076.0,443,2263.0,120,209.0,1988,4378.0,2193,84000.0
2022-11-22,1503,2895.0,283,2076.0,443,2277.0,120,209.0,1988,4393.0,2193,85000.0
2022-11-23,1505,2897.0,283,2076.0,442,2282.0,120,209.0,1992,4396.0,2199,85410.0
2022-11-24,1505,2898.0,283,2086.0,442,2284.0,120,209.0,1992,4400.0,2199,85720.0
2022-11-25,1513,2899.0,283,2092.0,444,2290.0,120,209.0,1995,4404.0,2204,86000.0
2022-11-26,1517,2901.0,284,2093.0,444,2291.0,120,209.0,2007,4406.0,2207,86710.0
2022-11-27,1520,2905.0,284,2094.0,444,2292.0,120,209.0,2011,4412.0,2219,87310.0
2022-11-28,1520,2908.0,284,2094.0,444,2294.0,120,209.0,2011,4416.0,2219,87000.0
2022-11-29,1523,2911.0,285,2096.0,446,2296.0,120,209.0,2021,4423.0,2233,88380.0
2022-11-30,1523,2914.0,285,2103.0,446,2297.0,120,210.0,2021,4429.0,2233,88880.0
2022-12-01,1530,2915.0,286,2103.0,448,2299.0,120,210.0,2029,4441.0,2237,89440.0
2022-12-02,1530,2916.0,286,2106.0,448,2300.0,120,210.0,2029,4464.0,2237,90090.0
2022-12-03,1538,2917.0,286,2115.0,450,2301.0,121,210.0,2039,4472.0,2245,90000.0
2022-12-04,1538,2922.0,286,2117.0,450,2303.0,121,210.0,2039,4479.0,2245,91150.0
2022-12-05,1541,2924.0,291,2127.0,450,2309.0,121,211.0,2047,4497.0,2258,91690.0
2022-12-06,1541,2929.0,291,2132.0,450,2310.0,121,211.0,2047,4505.0,2258,92200.0
2022-12-07,1545,2935.0,291,2146.0,453,2318.0,121,211.0,2051,4526.0,2268,92000.0
2022-12-08,1551,2937.0,291,2148.0,455,2320.0,121,211.0,2102,4528.0,2282,93080.0
2022-12-09,1551,2937.0,291,2148.0,455,2321.0,121,211.0,2102,4531.0,2282,93390.0
2022-12-10,1566,2940.0,292,2148.0,460,2324.0,120,211.0,2114,4535.0,2290,93760.0
2022-12-11,1566,2942.0,292,2158.0,460,2325.0,120,211.0,2114,4540.0,2290,94140.0
2022-12-12,1570,2966.0,292,2162.0,465,2326.0,121,211.0,2114,4544.0,2306,94760.0
2022-12-13,1570,2966.0,292,2162.0,465,2335.0,121,211.0,2114,4549.0,2306,95260.0
2022-12-14,1579,2970.0,292,2162.0,465,2335.0,122,211.0,2126,4562.0,2318,96000.0
2022-12-15,1579,2975.0,292,2189.0,465,2349.0,122,211.0,2126,4563.0,2318,96590.0
2022-12-16,1579,2980.0,292,2193.0,465,2356.0,122,211.0,2138,4563.0,2321,97270.0
2022-12-17,1579,2985.0,292,2193.0,465,2357.0,122,211.0,2138,4577.0,2321,97690.0
2022-12-18,1579,2987.0,292,2194.0,465,2358.0,122,211.0,2138,4579.0,2321,98280.0
2022-12-19,1579,2988.0,292,2202.0,465,2363.0,122,212.0,2138,4592.0,2321,98000.0
2022-12-20,1585,2995.0,292,2227.0,464,2370.0,123,212.0,2146,4599.0,2328,99230.0
2022-12-21,1585,3002.0,293,2237.0,465,2384.0,129,212.0,2147,4608.0,2328,99740.0
2022-12-22,1589,3003.0,294,2243.0,465,2391.0,129,212.0,2149,4615.0,2332,100000.0
2022-12-23,1590,3005.0,294,2248.0,465,2398.0,129,212.0,2151,4622.0,2332,100950.0
2022-12-24,1590,3006.0,294,2256.0,465,2406.0,129,212.0,2151,4627.0,2332,101430.0
2022-12-25,1577,3011.0,295,2256.0,461,2409.0,126,212.0,2145,4635.0,2316,100000.0
2022-12-26,1577,3016.0,295,2257.0,461,2414.0,126,212.0,2145,4647.0,2316,102000.0
2022-12-27,1584,3016.0,295,2257.0,461,2416.0,126,212.0,2146,4652.0,2316,103220.0
2022-12-28,1584,3017.0,295,2257.0,461,2417.0,126,212.0,2146,4660.0,2316,103770.0
2022-12-29,1593,3018.0,295,2268.0,463,2427.0,126,212.0,2149,4675.0,2325,104560.0
2022-12-30,1593,3026.0,295,2291.0,463,2433.0,126,212.0,2149,4683.0,2325,105250.0
2022-12-31,1600,3029.0,297,2298.0,465,2439.0,127,213.0,2156,4707.0,2331,105960.0
2023-01-01,1600,3031.0,297,2344.0,465,2444.0,127,213.0,2156,4720.0,2331,106720.0
2023-01-02,1600,3031.0,297,2388.0,465,2450.0,127,213.0,2156,4725.0,2331,107440.0
2023-01-03,1603,3036.0,297,2392.0,467,2457.0,127,214.0,2163,4735.0,2338,108190.0
2023-01-04,1603,3038.0,297,2395.0,467,2463.0,127,215.0,2163,4745.0,2338,108910.0
2023-01-05,1607,3041.0,301,2399.0,467,2477.0,128,215.0,2173,4759.0,2348,109720.0
2023-01-06,1607,3064.0,301,2401.0,467,2490.0,128,215.0,2173,4797.0,2348,110250.0
2023-01-07,1610,3066.0,301,2401.0,468,2493.0,128,217.0,2176,4798.0,2355,110000.0
2023-01-08,1610,3069.0,301,2406.0,468,2496.0,128,217.0,2176,4801.0,2355,111170.0
2023-01-09,1615,3080.0,302,2416.0,473,2503.0,130,217.0,2191,4809.0,2365,111760.0
2023-01-10,1615,3084.0,302,2420.0,473,2507.0,130,217.0,2191,4817.0,2363,112470.0
2023-01-11,1621,3094.0,303,2422.0,475,2515.0,130,217.0,2206,4826.0,2372,112960.0
2023-01-12,1621,3094.0,303,2426.0,475,2519.0,130,218.0,2206,4826.0,2372,113390.0
2023-01-13,1626,3098.0,304,2427.0,478,2523.0,130,218.0,2216,4833.0,2377,114130.0
2023-01-14,1614,3104.0,304,2429.0,476,2527.0,130,219.0,2201,4846.0,2361,114660.0
2023-01-15,1614,3106.0,304,2434.0,477,2531.0,130,219.0,2203,4846.0,2372,115290.0
2023-01-16,1614,3118.0,304,2434.0,477,2537.0,130,220.0,2203,4870.0,2372,116080.0
2023-01-17,1619,3121.0,304,2434.0,478,2545.0,130,220.0,2208,4877.0,2387,116950.0
2023-01-18,1619,3130.0,304,2439.0,478,2550.0,130,220.0,2208,4889.0,2387,117770.0
2023-01-19,1630,3136.0,311,2446.0,482,2564.0,132,220.0,2218,4896.0,2398,118530.0
2023-01-20,1630,3139.0,311,2450.0,482,2571.0,132,220.0,2218,4903.0,2398,119000.0
2023-01-21,1634,3140.0,312,2455.0,485,2578.0,132,220.0,2228,4918.0,2406,120160.0
2023-01-22,1634,3145.0,313,2456.0,485,2589.0,132,220.0,2228,4932.0,2406,120760.0
2023-01-23,1642,3150.0,313,2458.0,487,2593.0,131,220.0,2233,4936.0,2424,121480.0
2023-01-24,1642,3152.0,313,2467.0,487,2596.0,131,220.0,2233,4944.0,2424,122170.0
2023-01-25,1646,3161.0,315,2473.0,491,2604.0,133,220.0,2236,4967.0,2436,123080.0
2023-01-26,1646,3175.0,315,2482.0,491,2621.0,133,220.0,2236,4986.0,2436,123860.0
2023-01-27,1650,3182.0,317,2516.0,493,2632.0,133,221.0,2237,5001.0,2447,124710.0
2023-01-28,1650,3189.0,317,2524.0,493,2641.0,133,221.0,2237,5027.0,2447,125510.0
2023-01-29,1661,3197.0,318,2524.0,500,2648.0,133,221.0,2245,5037.0,2456,126160.0
2023-01-30,1661,3201.0,318,2524.0,500,2649.0,133,221.0,2245,5041.0,2456,126650.0
2023-01-31,1664,3201.0,318,2528.0,500,2651.0,133,221.0,2245,5048.0,2461,127000.0
2023-02-01,1671,3209.0,327,2528.0,503,2665.0,134,221.0,2256,5061.0,2469,128420.0
2023-02-02,1671,3211.0,327,2528.0,503,2670.0,134,222.0,2256,5064.0,2469,129030.0
2023-02-03,1673,3215.0,328,2530.0,507,2675.0,135,222.0,2259,5068.0,2474,129870.0
2023-02-04,1673,3218.0,328,2534.0,507,2680.0,135,225.0,2259,5081.0,2474,130590.0
2023-02-05,1673,3220.0,328,2536.0,507,2686.0,135,227.0,2259,5091.0,2474,131290.0
2023-02-06,1678,3231.0,331,2536.0,511,2692.0,135,227.0,2259,5104.0,2477,132160.0
2023-02-07,1688,3245.0,337,2536.0,509,2693.0,138,227.0,2263,5107.0,2492,133190.0
2023-02-08,1688,3253.0,337,2541.0,509,2697.0,138,228.0,2263,5112.0,2492,134100.0
2023-02-09,1713,3255.0,342,2547.0,517,2707.0,140,232.0,2267,5121.0,2508,135010.0
2023-02-10,1720,3258.0,341,2551.0,521,2714.0,140,233.0,2269,5126.0,2524,135740.0
2023-02-11,1718,3267.0,339,2578.0,521,2733.0,140,234.0,2269,5134.0,2524,136880.0
2023-02-12,1727,3280.0,339,2589.0,522,2752.0,141,234.0,2281,5148.0,2535,137780.0
2023-02-13,1727,3283.0,339,2589.0,522,2755.0,141,234.0,2281,5150.0,2535,138340.0
2023-02-14,1733,3286.0,341,2595.0,527,2765.0,141,234.0,2281,5155.0,2548,139080.0
2023-02-15,1733,3290.0,341,2595.0,527,2769.0,141,236.0,2281,5161.0,2549,139770.0
2023-02-16,1733,3296.0,341,2597.0,527,2772.0,141,239.0,2281,5167.0,2549,140460.0
2023-02-17,1748,3298.0,341,2598.0,527,2789.0,141,241.0,2286,5187.0,2562,141260.0
2023-02-18,1748,3303.0,341,2601.0,527,2795.0,141,243.0,2286,5196.0,2562,142270.0
2023-02-19,1746,3310.0,341,2601.0,527,2796.0,141,243.0,2286,5196.0,2557,142860.0
2023-02-20,1762,3316.0,342,2604.0,528,2805.0,141,243.0,2297,5209.0,2572,143680.0
2023-02-21,1762,3326.0,342,2609.0,528,2809.0,141,243.0,2299,5210.0,2572,144440.0
2023-02-22,1769,3334.0,344,2612.0,532,2816.0,141,243.0,2299,5212.0,2586,145060.0
2023-02-23,1772,3350.0,345,2615.0,536,2823.0,141,244.0,2302,5215.0,2596,145850.0
2023-02-24,1770,3363.0,345,2619.0,536,2837.0,141,247.0,2302,5224.0,2596,146820.0
2023-02-25,1770,3375.0,345,2622.0,536,2848.0,141,247.0,2302,5235.0,2596,147470.0
2023-02-26,1779,3381.0,346,2624.0,537,2855.0,142,247.0,2309,5242.0,2605,148000.0
2023-02-27,1779,3385.0,346,2636.0,537,2855.0,142,247.0,2309,5248.0,2609,148690.0
2023-02-28,1782,3388.0,347,2639.0,538,2861.0,142,247.0,2311,5252.0,2616,149000.0
2023-03-01,1782,3395.0,347,2643.0,538,2872.0,142,247.0,2311,5257.0,2616,149890.0
2023-03-02,1781,3397.0,347,2646.0,538,2878.0,142,247.0,2311,5264.0,2615,150605.0
2023-03-03,1790,3405.0,348,2651.0,539,2886.0,142,247.0,2311,5281.0,2632,151370.0
2023-03-04,1790,3409.0,349,2657.0,545,2901.0,142,247.0,2315,5289.0,2632,152190.0
2023-03-05,1787,3414.0,349,2662.0,545,2914.0,142,248.0,2315,5299.0,2631,153120.0
2023-03-06,1810,3423.0,352,2677.0,551,2921.0,142,250.0,2321,5307.0,2649,153770.0
2023-03-07,1807,3432.0,352,2687.0,551,2944.0,142,253.0,2321,5323.0,2646,154830.0
2023-03-08,1819,3436.0,353,2690.0,552,2951.0,142,253.0,2323,5330.0,2654,155530.0
2023-03-09,1819,3441.0,353,2690.0,552,2953.0,142,254.0,2323,5331.0,2654,156120.0
2023-03-10,1825,3448.0,354,2700.0,554,2966.0,145,256.0,2327,5337.0,2675,156990.0
2023-03-11,1825,3458.0,354,2701.0,554,2976.0,145,257.0,2327,5344.0,2675,158000.0
2023-03-12,1831,3466.0,356,2701.0,557,2980.0,146,259.0,2330,5348.0,2680,159090.0
2023-03-13,1831,3474.0,356,2702.0,557,2996.0,146,259.0,2330,5354.0,2680,159000.0
2023-03-14,1831,3484.0,356,2713.0,557,3014.0,146,260.0,2330,5367.0,2680,160540.0
2023-03-15,1845,3492.0,359,2725.0,559,3030.0,147,262.0,2335,5377.0,2697,161520.0
2023-03-16,1845,3504.0,359,2739.0,559,3042.0,147,265.0,2335,5394.0,2697,162560.0
2023-03-17,1845,3506.0,359,2740.0,559,3056.0,147,265.0,2335,5401.0,2697,163320.0
2023-03-18,1845,3511.0,359,2754.0,559,3066.0,147,265.0,2335,5404.0,2697,164000.0
2023-03-19,1865,3532.0,360,2754.0,560,3075.0,148,268.0,2348,5408.0,2711,164910.0
2023-03-20,1865,3537.0,360,2755.0,560,3084.0,148,270.0,2348,5416.0,2711,165610.0
2023-03-21,1871,3552.0,361,2762.0,563,3093.0,148,270.0,2356,5428.0,2723,166570.0
2023-03-22,1871,3557.0,361,2778.0,563,3098.0,148,272.0,2356,5434.0,2723,167490.0
2023-03-23,1871,3570.0,361,2798.0,563,3119.0,148,273.0,2356,5452.0,2723,168000.0
2023-03-24,1874,3574.0,361,2803.0,563,3127.0,148,276.0,2360,5464.0,2726,169170.0
2023-03-25,1889,3580.0,361,2810.0,564,3143.0,151,276.0,2366,5483.0,2728,169890.0
2023-03-26,1895,3595.0,362,2812.0,565,3153.0,151,277.0,2371,5486.0,2732,170550.0
2023-03-27,1901,3595.0,363,2812.0,572,3161.0,152,277.0,2377,5493.0,2743,171160.0
2023-03-28,1901,3602.0,363,2831.0,572,3178.0,153,277.0,2380,5502.0,2751,171730.0
2023-03-29,1903,3609.0,363,2836.0,573,3185.0,153,277.0,2383,5507.0,2751,172340.0
2023-03-30,1906,3610.0,365,2836.0,574,3197.0,153,278.0,2389,5518.0,2760,172900.0
2023-03-31,1906,3615.0,365,2845.0,574,3201.0,153,278.0,2389,5521.0,2760,173360.0
2023-04-01,1908,3616.0,365,2845.0,577,3210.0,155,279.0,2400,5528.0,2763,173000.0
2023-04-02,1909,3618.0,364,2846.0,579,3214.0,155,279.0,2394,5537.0,2764,174550.0
2023-04-03,1916,3619.0,364,2859.0,581,3221.0,155,280.0,2396,5553.0,2766,175160.0
2023-04-04,1924,3627.0,364,2874.0,582,3225.0,155,280.0,2402,5562.0,2767,175690.0
2023-04-05,1923,3629.0,365,2880.0,584,3239.0,156,280.0,2404,5573.0,2770,176240.0
2023-04-06,1924,3631.0,365,2885.0,584,3246.0,156,281.0,2406,5574.0,2770,176630.0
2023-04-07,1927,3633.0,367,2889.0,588,3255.0,157,281.0,2406,5587.0,2771,177110.0
2023-04-08,1928,3636.0,367,2897.0,589,3260.0,157,282.0,2405,5599.0,2775,177680.0
2023-04-09,1928,3636.0,369,2911.0,589,3273.0,158,282.0,2405,5602.0,2777,178000.0
2023-04-10,1929,3637.0,370,2922.0,589,3284.0,158,282.0,2409,5607.0,2777,178820.0
2023-04-11,1916,3644.0,370,2932.0,589,3300.0,159,282.0,2414,5620.0,2780,179320.0
2023-04-12,1908,3646.0,370,2934.0,590,3305.0,159,282.0,2419,5630.0,2782,180050.0
2023-04-13,1908,3646.0,370,2939.0,590,3312.0,159,283.0,2419,5637.0,2782,180590.0
2023-04-14,1908,3650.0,370,2939.0,590,3319.0,159,283.0,2419,5640.0,2782,181090.0
2023-04-15,1908,3653.0,370,2939.0,590,3320.0,159,283.0,2419,5646.0,2782,181550.0
2023-04-16,1901,3657.0,372,2940.0,590,3333.0,160,284.0,2426,5658.0,2797,182070.0
2023-04-17,1902,3660.0,372,2948.0,593,3342.0,161,285.0,2432,5672.0,2802,182660.0
2023-04-18,1903,3661.0,374,2954.0,594,3348.0,161,285.0,2436,5676.0,2803,183000.0
2023-04-19,1903,3665.0,374,2977.0,594,3357.0,161,285.0,2436,5692.0,2803,183750.0
2023-04-20,1902,3667.0,374,2987.0,598,3364.0,161,285.0,2444,5707.0,2811,184420.0
2023-04-21,1905,3668.0,376,2995.0,598,3366.0,161,285.0,2448,5713.0,2812,180000.0
2023-04-22,1905,3672.0,376,2999.0,598,3371.0,161,289.0,2448,5718.0,2812,185730.0
2023-04-23,1907,3675.0,377,3004.0,599,3376.0,161,289.0,2454,5730.0,2815,186420.0
2023-04-24,1907,3683.0,377,3015.0,599,3388.0,161,289.0,2454,5753.0,2815,187080.0
2023-04-25,1906,3688.0,377,3039.0,599,3402.0,161,291.0,2454,5784.0,2779,187770.0
2023-04-26,1906,3692.0,377,3042.0,595,3416.0,159,292.0,2442,5792.0,2774,188410.0
2023-04-27,1914,3694.0,379,3063.0,598,3429.0,160,293.0,2447,5805.0,2794,180000.0
2023-04-28,1914,3694.0,379,3069.0,598,3448.0,160,294.0,2447,5819.0,2794,189460.0
2023-04-29,1911,3697.0,379,3073.0,598,3451.0,160,294.0,2447,5836.0,2790,190040.0
2023-04-30,1911,3699.0,379,3077.0,598,3458.0,160,295.0,2447,5842.0,2790,190510.0
2023-05-01,1925,3700.0,383,3078.0,599,3465.0,160,295.0,2467,5845.0,2808,190960.0
2023-05-02,1925,3701.0,383,3079.0,599,3474.0,160,298.0,2467,5851.0,2808,191420.0
2023-05-03,1925,3702.0,383,3107.0,599,3490.0,160,300.0,2467,5865.0,2808,191940.0
2023-05-04,1927,3707.0,383,3125.0,599,3509.0,160,304.0,2467,5886.0,2809,192590.0
2023-05-05,1937,3710.0,389,3142.0,601,3528.0,161,304.0,2476,5916.0,2818,193210.0
2023-05-06,1937,3717.0,389,3156.0,601,3544.0,161,306.0,2476,5936.0,2818,193770.0
2023-05-07,1937,3723.0,389,3174.0,601,3564.0,161,306.0,2476,5952.0,2818,194430.0
2023-05-08,1937,3730.0,389,3216.0,601,3572.0,161,306.0,2476,5958.0,2818,194970.0
2023-05-09,1938,3734.0,389,3220.0,601,3585.0,162,307.0,2476,5969.0,2819,195620.0
2023-05-10,1943,3736.0,393,3226.0,603,3594.0,163,308.0,2481,5974.0,2830,196310.0
2023-05-11,1947,3740.0,395,3229.0,604,3610.0,165,310.0,2483,5984.0,2819,196920.0
2023-05-12,1947,3745.0,395,3238.0,604,3627.0,165,312.0,2483,5996.0,2819,197670.0
2023-05-13,1947,3751.0,400,3267.0,604,3656.0,165,314.0,2483,6011.0,2819,198260.0
2023-05-14,1947,3756.0,400,3298.0,604,3678.0,165,314.0,2483,6018.0,2819,198880.0
2023-05-15,1947,3759.0,400,3322.0,604,3699.0,165,316.0,2483,6034.0,2819,199460.0
2023-05-16,1947,3762.0,400,3334.0,604,3712.0,165,316.0,2483,6048.0,2819,199980.0
2023-05-17,1965,3771.0,408,3350.0,619,3728.0,169,318.0,2500,6067.0,2831,200590.0
2023-05-18,1965,3773.0,408,3361.0,619,3761.0,169,318.0,2500,6073.0,2831,201110.0
2023-05-19,1965,3777.0,408,3371.0,619,3774.0,169,319.0,2500,6083.0,2831,201760.0
2023-05-20,1965,3781.0,408,3403.0,619,3793.0,169,325.0,2500,6103.0,2831,202430.0
2023-05-21,1972,3783.0,408,3424.0,620,3822.0,169,327.0,2500,6115.0,2837,203160.0
2023-05-22,1981,3785.0,417,3433.0,626,3843.0,169,327.0,2504,6129.0,2858,203880.0
2023-05-23,1982,3789.0,419,3468.0,628,3883.0,169,327.0,2509,6139.0,2862,204360.0
2023-05-24,1982,3792.0,419,3476.0,628,3909.0,169,327.0,2509,6146.0,2862,204760.0
2023-05-25,1984,3795.0,422,3512.0,634,3929.0,169,327.0,2514,6148.0,2867,205260.0
2023-05-26,1984,3796.0,422,3516.0,634,3954.0,169,328.0,2514,6161.0,2867,205720.0
2023-05-27,1989,3794.0,413,3601.0,637,3988.0,169,329.0,2515,6183.0,2865,206200.0
2023-05-28,1989,3797.0,413,3604.0,637,3999.0,169,329.0,2517,6192.0,2865,206600.0
2023-05-29,2002,3801.0,414,3665.0,641,4010.0,169,331.0,2518,6207.0,2867,207030.0
2023-05-30,2001,3802.0,414,3703.0,641,4020.0,169,332.0,2518,6219.0,2867,207000.0
2023-05-31,2003,3802.0,415,3735.0,642,4035.0,169,333.0,2531,6230.0,2873,207910.0
2023-06-01,2003,3804.0,415,3742.0,642,4049.0,169,333.0,2531,6239.0,2873,208370.0
2023-06-02,2002,3819.0,415,3748.0,643,4076.0,170,335.0,2531,6267.0,2875,208000.0
2023-06-03,2011,3829.0,415,3776.0,649,4115.0,170,342.0,2539,6289.0,2882,209470.0
2023-06-04,2011,3837.0,415,3786.0,649,4138.0,171,344.0,2550,6305.0,2878,209940.0
2023-06-05,2011,3848.0,415,3800.0,649,4151.0,171,349.0,2550,6312.0,2878,210350.0
2023-06-06,2011,3860.0,415,3824.0,649,4193.0,171,351.0,2550,6332.0,2878,211150.0
2023-06-07,2012,3873.0,416,3832.0,649,4234.0,172,352.0,2550,6349.0,2878,212030.0
2023-06-08,2023,3891.0,416,3847.0,652,4263.0,173,355.0,2564,6384.0,2892,212760.0
2023-06-09,2023,3901.0,416,3860.0,653,4301.0,173,359.0,2564,6410.0,2892,213770.0
2023-06-10,2025,3909.0,416,3876.0,658,4317.0,174,362.0,2564,6428.0,2895,214660.0
2023-06-11,2025,3926.0,416,3913.0,658,4337.0,174,362.0,2564,6461.0,2895,215640.0
2023-06-12,2027,3931.0,416,3920.0,658,4347.0,174,362.0,2564,6471.0,2895,216180.0
2023-06-13,2041,3935.0,418,3923.0,659,4367.0,175,363.0,2570,6473.0,2909,216000.0
2023-06-14,2043,3943.0,418,3938.0,659,4386.0,173,364.0,2570,6482.0,2909,217330.0
2023-06-15,2039,3955.0,418,3948.0,666,4397.0,175,364.0,2566,6506.0,2910,217910.0
2023-06-16,2039,3965.0,418,3972.0,666,4418.0,175,364.0,2566,6519.0,2910,218000.0
2023-06-17,2043,3977.0,418,3980.0,666,4443.0,175,364.0,2566,6557.0,2910,219170.0
2023-06-18,2047,3984.0,418,3989.0,667,4457.0,176,364.0,2568,6571.0,2918,219820.0
2023-06-19,2047,3989.0,418,4002.0,667,4475.0,176,370.0,2568,6613.0,2918,220450.0
2023-06-20,2047,3997.0,418,4013.0,667,4502.0,176,372.0,2568,6645.0,2918,221460.0
2023-06-21,2054,4006.0,421,4048.0,675,4535.0,178,375.0,2582,6667.0,2934,222000.0
2023-06-22,2054,4013.0,421,4059.0,675,4558.0,178,376.0,2582,6678.0,2934,222650.0
2023-06-23,2054,4017.0,421,4068.0,675,4602.0,178,379.0,2582,6708.0,2934,220000.0
2023-06-24,2061,4024.0,430,4082.0,685,4634.0,178,383.0,2594,6731.0,2952,223910.0
2023-06-25,2061,4030.0,430,4094.0,685,4658.0,178,385.0,2594,6735.0,2952,224630.0
2023-06-26,2061,4031.0,430,4104.0,685,4679.0,178,385.0,2594,6751.0,2952,225580.0
2023-06-27,2070,4036.0,433,4114.0,688,4709.0,179,386.0,2624,6772.0,2965,226170.0
2023-06-28,2070,4036.0,433,4121.0,688,4716.0,179,387.0,2624,6774.0,2965,227100.0
2023-06-29,2070,4038.0,433,4136.0,688,4743.0,179,388.0,2624,6780.0,2965,227780.0
2023-06-30,2082,4041.0,434,4142.0,691,4757.0,180,389.0,2626,6785.0,2974,228340.0
2023-07-01,2082,4042.0,431,4168.0,691,4794.0,180,389.0,2626,6794.0,2974,228870.0
2023-07-02,2082,4052.0,431,4180.0,691,4825.0,180,390.0,2626,6816.0,2974,229660.0
2023-07-03,2084,4057.0,436,4197.0,694,4861.0,182,391.0,2632,6834.0,2984,230260.0
2023-07-04,2084,4059.0,436,4226.0,694,4899.0,182,394.0,2632,6843.0,2984,231030.0
2023-07-05,2084,4062.0,436,4238.0,694,4944.0,182,395.0,2632,6865.0,2984,231700.0
2023-07-06,2093,4068.0,439,4259.0,703,4967.0,182,404.0,2636,6888.0,3000,232300.0
2023-07-07,2093,4070.0,439,4276.0,703,4988.0,182,408.0,2636,6898.0,3000,232810.0
2023-07-08,2098,4074.0,440,4290.0,705,5007.0,181,410.0,2636,6914.0,3000,233440.0
2023-07-09,2103,4085.0,441,4310.0,707,5039.0,182,414.0,2641,6937.0,3010,234480.0
2023-07-10,2103,4089.0,441,4318.0,707,5057.0,182,414.0,2641,6966.0,3010,235020.0
2023-07-11,2115,4090.0,445,4351.0,714,5076.0,186,415.0,2657,6978.0,3023,200000.0
2023-07-12,2115,4092.0,445,4377.0,714,5103.0,186,421.0,2657,6995.0,3023,236040.0
2023-07-13,2125,4097.0,448,4408.0,716,5129.0,187,423.0,2666,7019.0,3040,236590.0
2023-07-14,2125,4102.0,448,4432.0,716,5143.0,187,425.0,2666,7036.0,3040,237180.0
2023-07-15,2125,4107.0,448,4445.0,718,5162.0,188,425.0,2670,7044.0,3040,237680.0
2023-07-16,2136,4115.0,451,4453.0,724,5189.0,189,428.0,2682,7059.0,3050,238300.0
2023-07-17,2137,4119.0,451,4464.0,724,5231.0,189,428.0,2682,7086.0,3050,239010.0
2023-07-18,2137,4123.0,451,4510.0,724,5262.0,189,430.0,2682,7105.0,3050,239480.0
2023-07-19,2146,4129.0,455,4543.0,730,5284.0,191,433.0,2689,7134.0,3075,240100.0
2023-07-20,2145,4133.0,455,4558.0,730,5302.0,191,440.0,2689,7145.0,3075,240690.0
2023-07-21,2156,4140.0,455,4569.0,733,5322.0,191,448.0,2695,7159.0,3085,241330.0
2023-07-22,2156,4151.0,455,4583.0,733,5355.0,191,451.0,2695,7172.0,3085,241960.0
2023-07-23,2161,4162.0,455,4588.0,734,5372.0,191,452.0,2695,7182.0,3096,242620.0
2023-07-24,2164,4174.0,459,4602.0,736,5403.0,196,454.0,2711,7194.0,3100,243220.0
2023-07-25,2167,4177.0,460,4619.0,741,5425.0,198,457.0,2724,7211.0,3109,243680.0
2023-07-26,2167,4186.0,460,4622.0,741,5443.0,198,457.0,2724,7229.0,3109,244270.0
2023-07-27,2173,4190.0,461,4633.0,743,5473.0,198,458.0,2731,7240.0,3115,244830.0
2023-07-28,2173,4191.0,461,4633.0,743,5484.0,198,458.0,2731,7247.0,3115,245220.0
2023-07-29,2173,4205.0,461,4637.0,743,5493.0,198,459.0,2731,7275.0,3115,245700.0
2023-07-30,2187,4211.0,461,4643.0,744,5515.0,201,460.0,2731,7292.0,3115,246190.0
2023-07-31,2188,4216.0,462,4653.0,751,5538.0,203,462.0,2735,7324.0,3129,246690.0
2023-08-01,2188,4217.0,462,4668.0,751,5566.0,203,463.0,2735,7349.0,3129,247230.0
2023-08-02,2188,4224.0,462,4703.0,751,5596.0,203,465.0,2735,7372.0,3129,247850.0
2023-08-03,2199,4228.0,463,4730.0,753,5615.0,204,466.0,2737,7392.0,3152,248490.0
2023-08-04,2199,4232.0,463,4742.0,753,5647.0,204,466.0,2737,7422.0,3152,249110.0
2023-08-05,2203,4237.0,463,4752.0,757,5670.0,206,466.0,2746,7441.0,3160,249700.0
2023-08-06,2203,4244.0,463,4780.0,757,5686.0,206,467.0,2746,7451.0,3160,250240.0
2023-08-07,2203,4254.0,463,4785.0,757,5705.0,206,468.0,2746,7460.0,3160,250000.0
2023-08-08,2207,4262.0,465,4802.0,770,5724.0,207,469.0,2751,7479.0,3167,251620.0
2023-08-09,2207,4278.0,465,4807.0,770,5739.0,207,469.0,2751,7495.0,3167,252200.0
2023-08-10,2207,4290.0,465,4825.0,770,5756.0,207,471.0,2751,7511.0,3167,252780.0
2023-08-11,2218,4295.0,466,4829.0,776,5766.0,207,472.0,2762,7523.0,3175,253290.0
2023-08-12,2218,4298.0,466,4832.0,776,5785.0,207,477.0,2762,7543.0,3175,253850.0
2023-08-13,2218,4306.0,466,4841.0,776,5813.0,207,479.0,2762,7562.0,3175,254380.0
2023-08-14,2233,4313.0,466,4871.0,778,5842.0,209,482.0,2767,7584.0,3188,254920.0
2023-08-15,2233,4324.0,466,4877.0,778,5866.0,209,485.0,2766,7614.0,3189,255570.0
2023-08-16,2236,4329.0,467,4901.0,783,5883.0,211,486.0,2766,7641.0,3198,256050.0
2023-08-17,2237,4332.0,469,4907.0,785,5907.0,212,486.0,2769,7658.0,3203,256510.0
2023-08-18,2237,4340.0,469,4913.0,785,5926.0,212,486.0,2769,7665.0,3203,257010.0
2023-08-19,2237,4346.0,469,4935.0,785,5962.0,212,489.0,2769,7680.0,3203,257000.0
2023-08-20,2255,4358.0,474,4940.0,795,5983.0,213,489.0,2775,7692.0,3223,257930.0
2023-08-21,2255,4362.0,474,4943.0,795,6016.0,213,491.0,2775,7722.0,3223,258340.0
2023-08-22,2255,4373.0,474,4955.0,795,6040.0,213,491.0,2775,7745.0,3223,258820.0
2023-08-23,2262,4375.0,477,4975.0,802,6056.0,214,494.0,2777,7773.0,3228,259160.0
2023-08-24,2262,4378.0,477,4987.0,802,6085.0,215,495.0,2777,7790.0,3228,259630.0
2023-08-25,2265,4390.0,480,4998.0,804,6105.0,216,497.0,2777,7823.0,3240,260270.0
2023-08-26,2266,4396.0,480,5009.0,805,6131.0,216,498.0,2777,7854.0,3241,260000.0
2023-08-27,2270,4400.0,481,5014.0,806,6155.0,216,499.0,2779,7866.0,3247,261310.0
2023-08-28,2270,4414.0,481,5018.0,806,6183.0,216,500.0,2779,7909.0,3247,261840.0
2023-08-29,2276,4423.0,482,5026.0,812,6209.0,217,500.0,2791,7953.0,3262,262410.0
2023-08-30,2277,4436.0,484,5048.0,812,6241.0,218,500.0,2791,7976.0,3262,263020.0
2023-08-31,2276,4459.0,486,5052.0,813,6265.0,218,500.0,2791,8009.0,3264,263490.0
2023-09-01,2281,4471.0,486,5064.0,814,6296.0,218,501.0,2791,8043.0,3264,264060.0
2023-09-02,2283,4476.0,487,5075.0,816,6321.0,218,502.0,2795,8102.0,3264,264666.0
2023-09-03,2285,4480.0,488,5112.0,818,6352.0,218,503.0,2795,8149.0,3265,265120.0
2023-09-04,2288,4489.0,489,5143.0,819,6396.0,218,504.0,2797,8175.0,3276,265680.0
2023-09-05,2292,4497.0,492,5150.0,822,6433.0,218,505.0,2799,8190.0,3294,266290.0
2023-09-06,2292,4506.0,492,5172.0,823,6475.0,218,506.0,2804,8217.0,3297,266000.0
2023-09-07,2301,4529.0,492,5201.0,823,6507.0,218,507.0,2814,8264.0,3313,267540.0
2023-09-08,2303,4544.0,492,5219.0,823,6546.0,218,508.0,2814,8298.0,3313,268140.0
2023-09-09,2304,4554.0,492,5224.0,825,6571.0,222,509.0,2815,8338.0,3313,268000.0
2023-09-10,2307,4560.0,492,5259.0,825,6599.0,222,512.0,2822,8370.0,3324,269210.0
2023-09-11,2312,4568.0,493,5276.0,827,6636.0,222,515.0,2824,8413.0,3328,269760.0
2023-09-12,2313,4584.0,494,5281.0,830,6668.0,223,517.0,2829,8444.0,3331,270350.0
2023-09-13,2315,4599.0,495,5328.0,820,6713.0,222,517.0,2831,8458.0,3338,270970.0
2023-09-14,2317,4612.0,495,5345.0,820,6746.0,222,521.0,2831,8492.0,3338,271440.0
2023-09-15,2317,4616.0,495,5369.0,820,6762.0,223,521.0,2833,8525.0,3339,271790.0
2023-09-16,2317,4620.0,495,5373.0,821,6779.0,227,523.0,2834,8537.0,3339,272320.0
2023-09-17,2317,4623.0,495,5400.0,821,6803.0,230,525.0,2834,8571.0,3341,272940.0
2023-09-18,2323,4628.0,495,5415.0,823,6840.0,231,526.0,2835,8601.0,3344,273460.0
2023-09-19,2331,4635.0,495,5452.0,826,6875.0,231,526.0,2837,8633.0,3344,273980.0
2023-09-20,2331,4638.0,497,5481.0,830,6918.0,233,528.0,2839,8670.0,3355,274470.0
2023-09-21,2331,4644.0,499,5489.0,835,6962.0,233,528.0,2844,8690.0,3359,274950.0
2023-09-22,2331,4655.0,500,5498.0,835,6999.0,233,530.0,2842,8716.0,3357,275460.0
2023-09-23,2331,4662.0,500,5519.0,835,7022.0,233,531.0,2842,8734.0,3357,275855.0
2023-09-24,2334,4667.0,501,5526.0,844,7051.0,234,533.0,2853,8746.0,3376,276270.0
2023-09-25,2336,4672.0,501,5555.0,845,7091.0,234,533.0,2855,8763.0,3377,276670.0
2023-09-26,2337,4675.0,504,5579.0,846,7129.0,234,534.0,2856,8792.0,3378,276000.0
2023-09-27,2337,4679.0,504,5588.0,846,7168.0,234,535.0,2856,8815.0,3378,277320.0
2023-09-28,2331,4687.0,503,5622.0,847,7203.0,235,536.0,2860,8836.0,3378,277660.0
2023-09-29,2331,4691.0,505,5637.0,848,7243.0,235,537.0,2863,8854.0,3381,278130.0
2023-09-30,2331,4702.0,505,5674.0,848,7275.0,235,537.0,2863,8883.0,3381,278570.0
2023-10-01,2331,4717.0,505,5691.0,848,7326.0,235,540.0,2863,8909.0,3381,279080.0
2023-10-02,2331,4732.0,505,5711.0,848,7366.0,235,540.0,2863,8932.0,3381,279440.0
2023-10-03,2331,4745.0,505,5752.0,848,7414.0,235,540.0,2863,8962.0,3381,279890.0
2023-10-04,2345,4757.0,505,5760.0,850,7447.0,235,540.0,2863,8980.0,3395,280470.0
2023-10-05,2349,4777.0,507,5789.0,859,7472.0,236,540.0,2886,9015.0,3400,281090.0
2023-10-06,2349,4800.0,507,5816.0,859,7496.0,236,541.0,2886,9073.0,3400,281700.0
2023-10-07,2349,4821.0,507,5821.0,859,7513.0,236,542.0,2886,9111.0,3400,282280.0
2023-10-08,2362,4823.0,510,5821.0,865,7514.0,237,543.0,2908,9113.0,3404,282630.0
2023-10-09,2362,4829.0,510,5838.0,865,7521.0,237,544.0,2908,9125.0,3404,283080.0
2023-10-10,2362,4863.0,510,5858.0,865,7540.0,237,545.0,2908,9145.0,3404,283900.0
2023-10-11,2378,4905.0,511,5879.0,874,7574.0,238,545.0,2914,9170.0,3427,284890.0
2023-10-12,2378,4931.0,511,5896.0,874,7618.0,238,546.0,2914,9203.0,3427,285920.0
2023-10-13,2378,4940.0,511,5898.0,874,7644.0,238,547.0,2914,9225.0,3427,286890.0
2023-10-14,2389,4948.0,512,5902.0,881,7679.0,239,547.0,2919,9249.0,3447,287770.0
2023-10-15,2389,4965.0,512,5915.0,881,7724.0,239,547.0,2919,9271.0,3447,288000.0
2023-10-16,2389,4979.0,512,5926.0,881,7750.0,239,547.0,2919,9293.0,3447,289430.0
2023-10-17,2404,4981.0,512,5943.0,883,7758.0,239,547.0,2919,9303.0,3463,290000.0
2023-10-18,2404,4992.0,521,5962.0,894,7801.0,240,548.0,2929,9337.0,3467,290680.0
2023-10-19,2404,5047.0,521,5970.0,894,7834.0,240,548.0,2929,9370.0,3467,292060.0
2023-10-20,2404,5063.0,521,5974.0,894,7839.0,240,548.0,2929,9391.0,3467,292850.0
2023-10-21,2419,5081.0,539,5983.0,906,7857.0,242,549.0,2943,9404.0,3513,293830.0
2023-10-22,2419,5093.0,539,5989.0,906,7882.0,242,551.0,2943,9419.0,3513,294000.0
2023-10-23,2419,5105.0,539,6007.0,905,7909.0,242,552.0,2940,9447.0,3513,295510.0
2023-10-24,2428,5112.0,540,6016.0,904,7958.0,242,554.0,2939,9474.0,3524,296310.0
2023-10-25,2434,5141.0,541,6033.0,908,7989.0,242,556.0,2948,9507.0,3530,297120.0
2023-10-26,2434,5145.0,541,6034.0,908,7996.0,242,556.0,2948,9513.0,3530,297680.0
2023-10-27,2434,5167.0,541,6043.0,908,8014.0,242,558.0,2948,9524.0,3530,298420.0
2023-10-28,2437,5175.0,542,6043.0,913,8022.0,243,558.0,2950,9532.0,3547,299080.0
2023-10-29,2437,5190.0,542,6064.0,913,8036.0,243,559.0,2950,9555.0,3547,299940.0
2023-10-30,2437,5211.0,542,6085.0,913,8071.0,243,562.0,2950,9590.0,3547,300810.0
2023-10-31,2439,5223.0,542,6113.0,914,8096.0,243,563.0,2959,9624.0,3568,301490.0
2023-11-01,2439,5241.0,542,6134.0,913,8142.0,243,566.0,2959,9658.0,3565,302420.0
2023-11-02,2458,5265.0,542,6141.0,914,8182.0,244,566.0,2961,9691.0,3581,303270.0
2023-11-03,2458,5276.0,542,6180.0,914,8224.0,244,568.0,2961,9716.0,3581,304100.0
2023-11-04,2458,5284.0,542,6180.0,914,8242.0,244,570.0,2961,9730.0,3581,305090.0
2023-11-05,2475,5288.0,545,6200.0,924,8256.0,246,570.0,2967,9744.0,3600,305970.0
2023-11-06,2475,5293.0,545,6203.0,924,8279.0,246,570.0,2967,9767.0,3600,306860.0
2023-11-07,2475,5301.0,545,6213.0,924,8311.0,246,572.0,2967,9814.0,3600,307640.0
2023-11-08,2475,5316.0,545,6239.0,924,8350.0,246,577.0,2967,9853.0,3600,308720.0
2023-11-09,2483,5317.0,547,6241.0,925,8366.0,248,578.0,2973,9876.0,3621,309520.0
2023-11-10,2474,5342.0,547,6266.0,923,8406.0,248,579.0,2973,9925.0,3615,310650.0
2023-11-11,2474,5349.0,547,6278.0,923,8440.0,248,580.0,2973,9944.0,3615,311750.0
2023-11-12,2474,5354.0,547,6280.0,923,8450.0,248,580.0,2973,9949.0,3615,312550.0
2023-11-13,2485,5362.0,548,6295.0,925,8471.0,248,580.0,2982,9973.0,3632,313470.0
2023-11-14,2462,5377.0,548,6322.0,925,8531.0,248,582.0,2982,10020.0,3629,314290.0
2023-11-15,2462,5388.0,548,6336.0,925,8575.0,248,585.0,2982,10060.0,3629,315620.0
2023-11-16,2462,5415.0,548,6356.0,925,8607.0,248,585.0,2982,10077.0,3629,316760.0
2023-11-17,2468,5422.0,551,6373.0,934,8622.0,251,586.0,2989,10091.0,3650,317380.0
2023-11-18,2468,5435.0,551,6402.0,934,8642.0,251,588.0,2989,10120.0,3650,318570.0
2023-11-19,2470,5439.0,551,6411.0,932,8647.0,251,588.0,2989,10127.0,3642,319210.0
2023-11-20,2472,5439.0,551,6418.0,935,8651.0,252,588.0,2995,10134.0,3644,319820.0
2023-11-21,2472,5446.0,551,6431.0,935,8668.0,252,589.0,2995,10159.0,3644,320670.0
2023-11-22,2472,5466.0,551,6446.0,935,8704.0,252,591.0,2995,10198.0,3644,321800.0
2023-11-23,2478,5496.0,551,6447.0,937,8737.0,252,595.0,3003,10230.0,3651,322900.0
2023-11-24,2478,5502.0,551,6455.0,937,8756.0,252,596.0,3003,10259.0,3651,323760.0
2023-11-25,2478,5513.0,551,6548.0,937,8781.0,252,597.0,3002,10288.0,3650,324830.0
2023-11-26,2478,5520.0,551,6552.0,937,8782.0,252,597.0,3002,10299.0,3650,325580.0
2023-11-27,2504,5523.0,551,6552.0,938,8783.0,252,597.0,3008,10302.0,3662,326440.0
2023-11-28,2504,5538.0,551,6591.0,938,8818.0,252,600.0,3008,10348.0,3662,327580.0
2023-11-29,2504,5551.0,551,6601.0,938,8819.0,252,600.0,3008,10361.0,3662,328760.0
2023-11-30,2510,5564.0,551,6623.0,939,8843.0,258,602.0,3010,10399.0,3669,330040.0
2023-12-01,2510,5571.0,551,6641.0,939,8854.0,258,602.0,3010,10410.0,3669,331110.0
2023-12-02,2510,5575.0,551,6642.0,939,8862.0,258,602.0,3010,10432.0,3669,332040.0
2023-12-03,2513,5580.0,551,6664.0,940,8874.0,258,602.0,3011,10451.0,3676,332810.0
2023-12-04,2513,5587.0,551,6679.0,940,8900.0,258,605.0,3011,10483.0,3676,333840.0
2023-12-05,2513,5600.0,551,6731.0,940,8943.0,258,605.0,3011,10532.0,3676,335110.0
2023-12-06,2513,5618.0,551,6764.0,940,8964.0,258,605.0,3011,10561.0,3679,336230.0
2023-12-07,2527,5626.0,552,6784.0,946,8976.0,259,605.0,3016,10591.0,3707,337220.0
2023-12-08,2522,5632.0,552,6784.0,946,8977.0,259,605.0,3015,10598.0,3705,338120.0
2023-12-09,2522,5636.0,552,6784.0,946,8983.0,259,605.0,3015,10623.0,3705,338820.0
2023-12-10,2526,5655.0,552,6802.0,948,8989.0,260,605.0,3017,10636.0,3724,339850.0
2023-12-11,2526,5664.0,552,6811.0,948,8992.0,260,605.0,3017,10650.0,3724,340000.0
2023-12-12,2548,5682.0,553,6821.0,948,8995.0,260,605.0,3021,10662.0,3762,341500.0
2023-12-13,2541,5692.0,553,6854.0,949,9008.0,260,605.0,3000,10675.0,3757,342000.0
2023-12-14,2541,5706.0,553,6874.0,949,9019.0,260,605.0,3000,10699.0,3757,343890.0
2023-12-15,2541,5720.0,553,6886.0,949,9020.0,260,605.0,3000,10710.0,3757,344820.0
2023-12-16,2552,5739.0,553,6926.0,963,9060.0,260,609.0,3003,10766.0,3778,346070.0
2023-12-17,2552,5783.0,553,6938.0,963,9101.0,260,610.0,3002,10822.0,3774,347160.0
2023-12-18,2570,5798.0,554,6947.0,964,9116.0,260,611.0,3012,10842.0,3793,348000.0
2023-12-19,2570,5814.0,554,6964.0,964,9134.0,260,611.0,3012,10871.0,3793,349190.0
2023-12-20,2570,5828.0,554,6990.0,964,9158.0,260,611.0,3012,10919.0,3793,350270.0
2023-12-21,2571,5837.0,553,7013.0,965,9182.0,264,611.0,3014,10944.0,3783,351350.0
2023-12-22,2571,5854.0,553,7035.0,965,9218.0,264,611.0,3014,10995.0,3783,352390.0
2023-12-23,2571,5858.0,553,7055.0,965,9246.0,264,611.0,3014,11022.0,3783,353190.0
2023-12-24,2580,5877.0,557,7089.0,971,9281.0,264,613.0,3032,11075.0,3798,353950.0
2023-12-25,2585,5899.0,559,7111.0,972,9300.0,264,614.0,3034,11109.0,3842,354960.0
2023-12-26,2585,5913.0,559,7124.0,972,9310.0,264,616.0,3034,11140.0,3842,355750.0
2023-12-27,2585,5940.0,559,7156.0,972,9326.0,264,617.0,3034,11180.0,3842,356670.0
2023-12-28,2605,5953.0,559,7192.0,974,9355.0,265,620.0,3043,11215.0,3854,357520.0
2023-12-29,2605,5969.0,559,7207.0,974,9373.0,265,621.0,3043,11244.0,3854,358270.0
2023-12-30,2604,5977.0,559,7244.0,974,9407.0,265,623.0,3043,11292.0,3850,359230.0
2023-12-31,2608,5983.0,559,7310.0,977,9425.0,267,625.0,3060,11330.0,3833,360010.0
2024-01-01,2607,5990.0,559,7363.0,977,9476.0,267,626.0,3060,11365.0,3833,360820.0
2024-01-02,2607,5990.0,559,7401.0,977,9491.0,267,629.0,3060,11391.0,3833,361000.0
2024-01-03,2611,6002.0,559,7406.0,980,9521.0,270,630.0,3062,11423.0,3849,362280.0
2024-01-04,2611,6011.0,559,7424.0,980,9553.0,270,631.0,3062,11463.0,3849,363070.0
2024-01-05,2611,6018.0,559,7440.0,980,9567.0,270,633.0,3062,11478.0,3849,363870.0
2024-01-06,2619,6022.0,560,7464.0,986,9604.0,274,637.0,3067,11523.0,3867,364730.0
2024-01-07,2619,6031.0,560,7475.0,986,9619.0,274,638.0,3067,11542.0,3867,365170.0
2024-01-08,2619,6036.0,560,7476.0,986,9626.0,274,638.0,3067,11552.0,3867,365990.0
2024-01-09,2625,6038.0,561,7487.0,986,9640.0,276,639.0,3069,11575.0,3878,366790.0
2024-01-10,2606,6050.0,562,7487.0,990,9656.0,283,641.0,3064,11596.0,3864,367620.0
2024-01-11,2606,6060.0,562,7489.0,990,9667.0,283,642.0,3064,11612.0,3864,368460.0
2024-01-12,2606,6065.0,562,7501.0,990,9685.0,283,646.0,3064,11632.0,3864,369160.0
2024-01-13,2612,6075.0,562,7514.0,993,9704.0,283,648.0,3078,11667.0,3883,370000.0
2024-01-14,2612,6089.0,562,7518.0,993,9729.0,283,650.0,3078,11698.0,3883,370980.0
2024-01-15,2612,6113.0,562,7532.0,993,9762.0,283,653.0,3078,11731.0,3883,372090.0
2024-01-16,2623,6126.0,564,7539.0,995,9775.0,283,653.0,3081,11755.0,3893,370000.0
2024-01-17,2623,6147.0,564,7580.0,995,9801.0,283,653.0,3081,11794.0,3893,373600.0
2024-01-18,2623,6167.0,564,7584.0,995,9820.0,283,654.0,3081,11831.0,3893,374520.0
2024-01-19,2623,6171.0,564,7589.0,995,9835.0,283,654.0,3081,11848.0,3893,375270.0
2024-01-20,2633,6181.0,565,7591.0,998,9843.0,287,655.0,3091,11862.0,3920,376030.0
2024-01-21,2633,6192.0,565,7616.0,998,9864.0,287,657.0,3091,11891.0,3920,376860.0
2024-01-22,2633,6214.0,565,7616.0,998,9917.0,287,657.0,3091,11956.0,3920,377820.0
2024-01-23,2661,6227.0,568,7653.0,999,9979.0,288,659.0,3099,12005.0,3941,378660.0
2024-01-24,2661,6257.0,568,7688.0,999,10039.0,288,660.0,3099,12044.0,3941,379610.0
2024-01-25,2661,6265.0,568,7688.0,999,10054.0,288,660.0,3099,12064.0,3941,380600.0
2024-01-26,2666,6271.0,569,7692.0,1003,10057.0,289,660.0,3102,12072.0,3950,381370.0
2024-01-27,2666,6280.0,569,7696.0,1003,10069.0,289,660.0,3102,12103.0,3950,382110.0
2024-01-28,2666,6290.0,569,7704.0,1003,10085.0,289,660.0,3102,12149.0,3950,383180.0
2024-01-29,2678,6300.0,570,7740.0,1003,10116.0,291,663.0,3104,12191.0,3970,384140.0
2024-01-30,2678,6310.0,570,7756.0,1003,10169.0,291,663.0,3104,12231.0,3970,385230.0
2024-01-31,2678,6322.0,570,7792.0,1003,10204.0,291,663.0,3104,12267.0,3970,386230.0
2024-02-01,2701,6331.0,571,7802.0,1005,10252.0,291,663.0,3114,12316.0,3987,387060.0
2024-02-02,2700,6341.0,571,7817.0,1005,10279.0,291,663.0,3111,12352.0,3986,387940.0
2024-02-03,2710,6343.0,571,7829.0,1005,10310.0,291,663.0,3112,12393.0,3992,388750.0
2024-02-04,2709,6348.0,571,7829.0,1005,10328.0,291,664.0,3112,12412.0,3991,389560.0
2024-02-05,2714,6365.0,571,7829.0,1006,10346.0,291,665.0,3113,12453.0,3993,390580.0
2024-02-06,2714,6372.0,571,7833.0,1006,10367.0,291,665.0,3113,12486.0,3993,391470.0
2024-02-07,2714,6383.0,571,7848.0,1006,10391.0,291,666.0,3113,12513.0,3993,392380.0
2024-02-08,2714,6385.0,571,7866.0,1006,10416.0,291,666.0,3113,12551.0,3993,393290.0
2024-02-09,2729,6394.0,574,7892.0,1015,10440.0,291,666.0,3118,12579.0,4017,394270.0
2024-02-10,2729,6406.0,574,7914.0,1015,10456.0,291,666.0,3118,12592.0,4017,395000.0
2024-02-11,2726,6416.0,574,7959.0,1015,10462.0,293,666.0,3124,12599.0,4028,395990.0
2024-02-12,2726,6424.0,574,7989.0,1015,10481.0,293,667.0,3124,12623.0,4028,397080.0
2024-02-13,2726,6433.0,574,8028.0,1015,10550.0,293,671.0,3124,12662.0,4028,398140.0
2024-02-14,2735,6442.0,574,8061.0,1020,10604.0,293,671.0,3138,12691.0,4051,399090.0
2024-02-15,2735,6465.0,574,8065.0,1020,10625.0,293,671.0,3138,12716.0,4051,400300.0
2024-02-16,2735,6476.0,574,8070.0,1020,10653.0,293,671.0,3138,12734.0,4051,401350.0
2024-02-17,2742,6487.0,575,8109.0,1021,10693.0,294,674.0,3135,12736.0,4068,402430.0
2024-02-18,2742,6498.0,575,8121.0,1021,10719.0,294,674.0,3135,12767.0,4068,403720.0
2024-02-19,2742,6503.0,575,8184.0,1021,10761.0,294,675.0,3135,12805.0,4068,404950.0
2024-02-20,2754,6516.0,577,8223.0,1022,10818.0,296,678.0,3139,12861.0,4085,406080.0
2024-02-21,2754,6523.0,577,8260.0,1022,10864.0,296,680.0,3139,12924.0,4085,407240.0
2024-02-22,2752,6526.0,579,8292.0,1025,10915.0,299,682.0,3123,12960.0,4103,408240.0
2024-02-23,2754,6534.0,580,8324.0,1025,10951.0,299,684.0,3123,12988.0,4108,409010.0
2024-02-24,2754,6542.0,580,8346.0,1025,10980.0,299,684.0,3123,13011.0,4108,409820.0
2024-02-25,2754,6555.0,581,8372.0,1025,10993.0,299,686.0,3123,13037.0,4108,410700.0
2024-02-26,2759,6556.0,587,8394.0,1028,11009.0,299,686.0,3135,13065.0,4131,411550.0
2024-02-27,2758,6570.0,587,8420.0,1028,11029.0,299,688.0,3134,13112.0,4129,412610.0
2024-02-28,2764,6593.0,590,8435.0,1029,11070.0,299,690.0,3142,13152.0,4147,413760.0
2024-02-29,2764,6610.0,590,8464.0,1029,11106.0,299,691.0,3142,13206.0,4147,414680.0
2024-03-01,2764,6624.0,590,8500.0,1029,11156.0,299,696.0,3142,13267.0,4147,415640.0
2024-03-02,2774,6640.0,590,8515.0,1032,11191.0,299,696.0,3129,13332.0,4171,416800.0
2024-03-03,2774,6648.0,590,8517.0,1032,11214.0,299,698.0,3129,13374.0,4171,417950.0
2024-03-04,2791,6657.0,590,8535.0,1034,11265.0,299,700.0,3135,13423.0,4196,419020.0
2024-03-05,2791,6678.0,590,8593.0,1034,11316.0,299,701.0,3135,13479.0,4196,420270.0
2024-03-06,2791,6695.0,590,8635.0,1034,11359.0,299,701.0,3135,13532.0,4196,421430.0
2024-03-07,2803,6706.0,590,8670.0,1038,11386.0,299,704.0,3134,13598.0,4206,422310.0
2024-03-08,2803,6712.0,590,8713.0,1038,11440.0,299,707.0,3134,13683.0,4206,423160.0
2024-03-09,2813,6731.0,590,8754.0,1038,11481.0,299,709.0,3144,13752.0,4233,424060.0
2024-03-10,2813,6739.0,590,8813.0,1038,11515.0,299,711.0,3144,13826.0,4233,424980.0
2024-03-11,2813,6747.0,590,8855.0,1038,11538.0,299,713.0,3144,13870.0,4233,425890.0
2024-03-12,2813,6752.0,590,8877.0,1039,11571.0,301,715.0,3144,13932.0,4233,426870.0
2024-03-13,2827,6757.0,591,8892.0,1046,11582.0,301,717.0,3152,13959.0,4267,427840.0
2024-03-14,2827,6758.0,591,8926.0,1046,11597.0,301,717.0,3152,13993.0,4267,428420.0
2024-03-15,2827,6779.0,591,8940.0,1046,11623.0,301,719.0,3152,14024.0,4267,429580.0
2024-03-16,2827,6790.0,591,8944.0,1046,11651.0,301,720.0,3152,14073.0,4267,428580.0
2024-03-17,2827,6809.0,591,8980.0,1046,11685.0,301,720.0,3152,14141.0,4267,431550.0
2024-03-18,2827,6819.0,591,8990.0,1046,11715.0,301,721.0,3152,14191.0,4267,432390.0
2024-03-19,2827,6828.0,591,9027.0,1046,11731.0,301,721.0,3152,14198.0,4267,431390.0
2024-03-20,2850,6832.0,592,9037.0,1057,11758.0,301,721.0,3166,14242.0,4310,433840.0
2024-03-21,2850,6840.0,592,9060.0,1057,11793.0,301,723.0,3166,14287.0,4310,434710.0
2024-03-22,2850,6852.0,592,9135.0,1057,11829.0,301,723.0,3166,14344.0,4310,435760.0
2024-03-23,2850,6876.0,592,9182.0,1057,11873.0,301,723.0,3166,14407.0,4310,436750.0
2024-03-24,2856,6887.0,592,9211.0,1059,11895.0,301,726.0,3175,14454.0,4334,437390.0
2024-03-25,2856,6893.0,592,9225.0,1059,11923.0,301,727.0,3175,14498.0,4334,438160.0
2024-03-26,2864,6904.0,592,9250.0,1062,11950.0,302,728.0,3174,14539.0,4348,439190.0
2024-03-27,2864,6914.0,592,9272.0,1062,11984.0,302,729.0,3174,14595.0,4348,439970.0
2024-03-28,2864,6922.0,592,9328.0,1062,12014.0,302,735.0,3174,14645.0,4348,440790.0
2024-03-29,2873,6951.0,593,9373.0,1065,12029.0,304,736.0,3176,14670.0,4351,441520.0
2024-03-30,2873,6966.0,593,9403.0,1065,12073.0,304,743.0,3176,14717.0,4354,442170.0
2024-03-31,2873,6986.0,593,9429.0,1065,12105.0,304,744.0,3176,14752.0,4354,442880.0
2024-04-01,2878,6998.0,593,9451.0,1067,12135.0,306,744.0,3180,14783.0,4366,443660.0
2024-04-02,2878,7009.0,593,9468.0,1067,12167.0,306,745.0,3180,14813.0,4366,444370.0
2024-04-03,2878,7018.0,593,9489.0,1067,12197.0,306,746.0,3180,14861.0,4366,445040.0
2024-04-04,2891,7033.0,596,9519.0,1072,12250.0,306,747.0,3190,14922.0,4408,445900.0
2024-04-05,2891,7057.0,596,9567.0,1072,12294.0,306,749.0,3190,14992.0,4408,446690.0
2024-04-06,2891,7074.0,596,9628.0,1072,12352.0,306,749.0,3190,15071.0,4408,447510.0
2024-04-07,2906,7087.0,596,9668.0,1074,12395.0,306,751.0,3198,15110.0,4434,448400.0
2024-04-08,2906,7110.0,596,9705.0,1074,12425.0,306,753.0,3198,15181.0,4434,449250.0
2024-04-09,2906,7132.0,596,9742.0,1074,12444.0,306,753.0,3198,15248.0,4434,450080.0
2024-04-10,2920,7137.0,600,9776.0,1076,12492.0,306,754.0,3203,15298.0,4473,450890.0
2024-04-11,2920,7146.0,600,9833.0,1076,12528.0,306,755.0,3203,15339.0,4473,451730.0
2024-04-12,2920,7169.0,600,9873.0,1076,12563.0,306,756.0,3203,15396.0,4473,452760.0
2024-04-13,2931,7174.0,601,9907.0,1078,12598.0,309,758.0,3215,15459.0,4502,453650.0
2024-04-14,2931,7180.0,601,9938.0,1078,12639.0,309,758.0,3215,15510.0,4502,454420.0
2024-04-15,2931,7189.0,601,9949.0,1078,12655.0,309,759.0,3215,15563.0,4502,455340.0
2024-04-16,2944,7193.0,601,9951.0,1082,12670.0,312,760.0,3235,15587.0,4518,456050.0
2024-04-17,2944,7196.0,601,9956.0,1082,12683.0,312,760.0,3235,15618.0,4518,456960.0
2024-04-18,2944,7205.0,601,9983.0,1082,12704.0,312,762.0,3235,15671.0,4518,457830.0
2024-04-19,2944,7213.0,601,10014.0,1078,12724.0,312,763.0,3235,15717.0,4517,458580.0
2024-04-20,2922,7229.0,605,10052.0,1076,12765.0,316,767.0,3221,15785.0,4516,459530.0
2024-04-21,2922,7236.0,605,10057.0,1076,12782.0,316,768.0,3221,15812.0,4518,460260.0
2024-04-22,2922,7241.0,605,10080.0,1076,12811.0,316,769.0,3221,15845.0,4518,461060.0
2024-04-23,2922,7242.0,605,10112.0,1076,12856.0,316,771.0,3221,15892.0,4518,461940.0
2024-04-24,2930,,607,,1080,,318,,3231,,4537,
2024-04-25,2930,,607,,1080,,318,,3228,,4539,
2024-04-26,2930,,607,,1080,,318,,3228,,4539,
2024-04-27,2936,,609,,1085,,321,,3232,,4550,
2024-04-28,2936,,609,,1085,,321,,3232,,4550,
2024-04-29,2936,,609,,1085,,321,,3232,,4550,
2024-04-30,2936,,609,,1085,,321,,3232,,4550,
2024-05-01,2948,,615,,1085,,322,,3240,,4575,
2024-05-02,2948,,615,,1085,,322,,3240,,4575,
2024-05-03,2948,,615,,1085,,322,,3240,,4575,
2024-05-04,2969,,617,,1087,,322,,3241,,4594,
2024-05-05,2969,,617,,1087,,322,,3241,,4594,
2024-05-06,2969,,617,,1087,,322,,3241,,4594,
2024-05-07,2969,,617,,1087,,322,,3241,,4594,
2024-05-08,2969,,617,,1087,,322,,3241,,4594,
