Date,tanks,abm,artillery_systems,mlrs,air_defense_equipment,planes,helicopters,uav,cruise_missiles,ships,submarines,cars_and_tank_trucks,special_equipment,personnel
2022-02-24,0,130,0,0,0,7,6,0,0,0,0,0,0,800
2022-02-25,0,516,0,0,0,10,7,0,0,0,0,0,0,2800
2022-02-26,0,0,0,0,0,16,18,0,0,0,0,0,0,3000
2022-02-27,150,706,50.0,4,1,27,26,2.0,0,2.0,0,0,0,4500
2022-02-28,191,816,74.0,21,1,29,29,3.0,0,2.0,0,291,0,5300
2022-03-01,198,846,77.0,24,8,29,29,3.0,0,2.0,0,305,0,5710
2022-03-02,271,862,85.0,40,9,30,31,3.0,0,2.0,0,355,0,5840
2022-03-03,277,900,90.0,42,11,30,31,3.0,0,2.0,0,374,0,9000
2022-03-04,311,939,105.0,50,18,37,37,3.0,0,2.0,0,404,0,9166
2022-03-05,329,945,105.0,50,19,39,40,3.0,0,2.0,0,409,0,10000
2022-03-06,345,985,109.0,50,21,44,48,4.0,0,2.0,0,447,0,11000
2022-03-07,350,999,117.0,50,23,46,68,7.0,0,3.0,0,454,0,11000
2022-03-08,363,1036,120.0,56,27,48,80,7.0,0,3.0,0,474,0,12000
2022-03-09,377,1070,120.0,56,28,49,81,7.0,0,3.0,0,482,0,12000
2022-03-10,395,1105,123.0,56,29,49,81,7.0,0,3.0,0,526,0,12000
2022-03-11,413,1165,125.0,58,31,57,83,7.0,0,3.0,0,558,0,12000
2022-03-12,422,1205,135.0,62,33,58,83,7.0,0,3.0,0,585,0,12000
2022-03-13,434,1226,140.0,62,34,74,86,7.0,0,3.0,0,600,0,12000
2022-03-14,449,1249,150.0,64,34,77,90,8.0,0,3.0,0,617,0,12000
2022-03-15,464,1279,150.0,64,36,81,95,9.0,0,3.0,0,640,0,13000
2022-03-16,490,1375,190.0,70,43,84,108,11.0,0,3.0,0,819,10,13000
2022-03-17,504,1435,201.0,72,43,86,108,11.0,0,3.0,0,864,10,14000
2022-03-18,510,1448,205.0,72,43,93,112,12.0,0,3.0,0,879,11,14000
2022-03-19,526,1470,213.0,72,44,95,115,17.0,0,3.0,0,914,11,14000
2022-03-20,536,1487,230.0,74,44,96,118,21.0,0,3.0,0,947,12,14000
2022-03-21,558,1535,240.0,80,45,97,121,24.0,0,3.0,0,969,13,15000
2022-03-22,579,1556,252.0,80,45,99,123,35.0,0,3.0,0,1000,15,15000
2022-03-23,587,1578,267.0,80,47,101,124,42.0,0,4.0,0,1008,15,15000
2022-03-24,602,1597,280.0,82,47,108,124,50.0,0,4.0,0,1033,16,15000
2022-03-25,633,1625,291.0,90,49,115,125,53.0,0,5.0,0,1089,18,16000
2022-03-26,648,1640,293.0,91,51,117,127,53.0,0,7.0,0,1131,21,16000
2022-03-27,655,1664,294.0,93,52,121,127,56.0,0,7.0,0,1144,25,16000
2022-03-28,659,1694,302.0,95,54,123,127,66.0,0,7.0,0,1150,25,17000
2022-03-29,670,1710,303.0,96,54,127,129,71.0,0,7.0,0,1178,25,17000
2022-03-30,680,1723,305.0,96,54,131,131,81.0,0,7.0,0,1184,25,17000
2022-03-31,689,1735,311.0,96,54,135,131,83.0,0,7.0,0,1201,26,17000
2022-04-01,701,1751,316.0,96,54,143,131,85.0,0,7.0,0,1220,28,17000
2022-04-02,707,1776,317.0,100,54,143,134,87.0,0,7.0,0,1236,28,17000
2022-04-03,720,1830,325.0,105,54,143,134,89.0,0,7.0,0,1249,28,18000
2022-04-04,723,1844,330.0,107,54,147,134,92.0,0,7.0,0,1273,29,18000
2022-04-05,752,1858,332.0,107,55,150,134,94.0,0,7.0,0,1322,29,18000
2022-04-06,760,1861,332.0,107,55,150,135,96.0,0,7.0,0,1324,29,18000
2022-04-07,774,1891,332.0,108,55,150,135,111.0,0,7.0,0,1358,29,18000
2022-04-08,776,1891,333.0,108,55,150,135,112.0,0,7.0,0,1361,29,19000
2022-04-09,781,1895,335.0,108,55,151,136,112.0,0,7.0,0,1363,29,19000
2022-04-10,798,1911,342.0,108,55,152,137,112.0,0,7.0,0,1384,29,19000
2022-04-11,801,1923,347.0,111,55,154,137,119.0,0,7.0,0,1387,29,19000
2022-04-12,808,1946,349.0,111,63,157,140,124.0,0,7.0,0,1406,29,19000
2022-04-13,815,1964,358.0,115,64,158,143,132.0,0,7.0,0,1429,29,19000
2022-04-14,829,1968,366.0,122,64,160,144,134.0,0,7.0,0,1437,29,19000
2022-04-15,832,1976,366.0,122,66,163,144,135.0,0,8.0,0,1443,29,20000
2022-04-16,838,1982,371.0,125,66,163,145,138.0,0,8.0,0,1458,30,20100
2022-04-17,849,2002,376.0,127,66,165,146,148.0,0,8.0,0,1471,31,20000
2022-04-18,866,2041,381.0,130,67,167,147,155.0,0,8.0,0,1487,31,20000
2022-04-19,878,2063,386.0,132,67,169,150,158.0,0,8.0,0,1495,31,20000
2022-04-20,891,2087,391.0,136,67,171,150,165.0,0,8.0,0,1504,31,20000
2022-04-21,905,2118,393.0,136,67,172,151,166.0,0,8.0,0,1508,31,21000
2022-04-22,914,2162,397.0,138,69,176,153,172.0,0,8.0,0,1523,31,21200
2022-04-23,930,2205,403.0,143,69,177,154,182.0,0,8.0,0,1543,31,21600
2022-04-24,949,2238,408.0,147,69,179,154,191.0,0,8.0,0,1557,32,21800
2022-04-25,960,2258,411.0,149,69,181,154,201.0,0,8.0,0,1566,32,21900
2022-04-26,994,2308,416.0,149,69,184,154,205.0,0,8.0,0,1643,35,22000
2022-04-27,1015,2342,421.0,149,71,185,155,207.0,0,8.0,0,1666,35,22000
2022-04-28,1046,2389,431.0,151,72,187,155,215.0,0,8.0,0,1688,35,22000
2022-04-29,1062,2418,435.0,151,73,189,155,229.0,0,8.0,0,1695,35,23000
2022-04-30,1084,2445,436.0,151,77,190,155,232.0,0,8.0,0,1701,36,23000
2022-05-01,1026,2471,451.0,151,80,192,155,245.0,84,8.0,0,1796,32,23000
2022-05-02,1048,2519,459.0,152,80,194,155,271.0,84,8.0,0,1824,38,23000
2022-05-03,1062,2567,475.0,162,80,194,155,291.0,84,10.0,0,1843,38,24000
2022-05-04,1077,2610,491.0,163,81,194,155,303.0,87,10.0,0,1867,38,24000
2022-05-05,1092,2651,499.0,169,83,196,155,312.0,89,10.0,0,1907,38,24000
2022-05-06,1110,2686,502.0,171,83,199,155,324.0,90,11.0,0,1926,38,24900
2022-05-07,1122,2713,509.0,172,84,199,155,341.0,90,11.0,0,1934,38,25000
2022-05-08,1130,2741,509.0,179,86,199,156,360.0,92,12.0,0,1961,39,25000
2022-05-09,1145,2764,513.0,185,87,199,158,377.0,94,12.0,0,1970,41,25650
2022-05-10,1170,2808,519.0,185,87,199,158,380.0,94,12.0,0,1980,41,26000
2022-05-11,1187,2856,528.0,185,87,199,160,390.0,94,12.0,0,1997,41,26350
2022-05-12,1195,2873,534.0,191,87,199,161,398.0,94,13.0,0,2019,41,26650
2022-05-13,1205,2900,542.0,193,88,200,162,405.0,95,13.0,0,2042,41,26000
2022-05-14,1218,2934,551.0,195,88,200,163,411.0,95,13.0,0,2059,42,27000
2022-05-15,1220,2958,555.0,195,89,200,164,416.0,95,13.0,0,2087,42,27000
2022-05-16,1228,2974,577.0,195,89,200,165,427.0,97,13.0,0,2101,42,27000
2022-05-17,1235,3009,578.0,198,90,201,167,436.0,97,13.0,0,2109,43,27000
2022-05-18,1251,3043,586.0,199,91,202,167,441.0,102,13.0,0,2137,43,28000
2022-05-19,1254,3063,595.0,199,93,203,167,455.0,103,13.0,0,2157,43,28000
2022-05-20,1263,3090,596.0,200,93,204,168,460.0,103,13.0,0,2162,43,28000
2022-05-21,1278,3116,596.0,201,93,204,169,462.0,104,13.0,0,2178,43,28850
2022-05-22,1285,3141,599.0,201,93,204,170,470.0,107,13.0,0,2194,43,29050
2022-05-23,1293,3166,604.0,201,93,204,170,476.0,110,13.0,0,2206,43,29000
2022-05-24,1302,3194,606.0,201,93,205,170,480.0,112,13.0,0,2213,43,29350
2022-05-25,1305,3213,606.0,201,93,206,170,491.0,112,13.0,0,2218,44,29450
2022-05-26,1315,3235,617.0,201,93,206,170,502.0,114,13.0,0,2225,47,29600
2022-05-27,1322,3246,623.0,201,93,206,170,503.0,115,13.0,0,2226,48,29750
2022-05-28,1330,3258,628.0,203,93,207,174,503.0,116,13.0,0,2226,48,30000
2022-05-29,1338,3270,631.0,203,93,207,174,504.0,116,13.0,0,2240,48,30150
2022-05-30,1349,3282,643.0,205,93,207,174,507.0,118,13.0,0,2258,48,30000
2022-05-31,1358,3302,649.0,207,93,208,174,515.0,120,13.0,0,2275,48,30000
2022-06-01,1361,3343,659.0,207,94,208,175,519.0,120,13.0,0,2290,49,30000
2022-06-02,1363,3354,661.0,207,95,210,175,521.0,120,13.0,0,2325,51,30850
2022-06-03,1367,3366,675.0,207,95,210,175,535.0,121,13.0,0,2329,51,30950
2022-06-04,1376,3379,680.0,207,95,210,175,540.0,122,13.0,0,2337,52,31050
2022-06-05,1381,3392,686.0,207,95,210,175,548.0,122,13.0,0,2360,53,31000
2022-06-06,1386,3400,690.0,207,96,211,176,551.0,125,13.0,0,2395,53,31000
2022-06-07,1390,3416,694.0,207,96,212,177,553.0,125,13.0,0,2405,53,31360
2022-06-08,1393,3429,703.0,213,96,212,178,559.0,125,13.0,0,2406,53,31000
2022-06-09,1398,3438,711.0,213,96,212,178,562.0,125,13.0,0,2421,53,31000
2022-06-10,1409,3450,712.0,222,97,212,178,572.0,125,13.0,0,2438,54,31000
2022-06-11,1419,3466,712.0,222,97,212,178,579.0,125,13.0,0,2448,54,32050
2022-06-12,1430,3484,715.0,226,97,212,178,582.0,125,13.0,0,2455,54,32150
2022-06-13,1432,3492,718.0,226,97,213,178,585.0,125,13.0,0,2460,54,32000
2022-06-14,1434,3503,721.0,229,97,213,179,588.0,125,13.0,0,2473,54,32000
2022-06-15,1440,3528,722.0,230,97,213,179,591.0,129,13.0,0,2485,55,32750
2022-06-16,1449,3545,729.0,233,97,213,179,591.0,129,13.0,0,2494,55,32950
2022-06-17,1456,3563,734.0,233,97,215,180,593.0,129,13.0,0,2496,55,33150
2022-06-18,1465,3573,739.0,233,98,216,180,594.0,129,14.0,0,2513,55,33000
2022-06-19,1468,3577,745.0,235,98,216,181,598.0,130,14.0,0,2523,55,33000
2022-06-20,1477,3588,749.0,238,98,216,181,601.0,130,14.0,0,2527,55,33000
2022-06-21,1496,3606,752.0,239,98,216,181,611.0,137,14.0,0,2537,59,34100
2022-06-22,1496,3614,752.0,239,99,216,182,614.0,137,14.0,0,2543,60,34230
2022-06-23,1504,3632,756.0,240,99,216,183,620.0,137,14.0,0,2548,60,34430
2022-06-24,1507,3637,759.0,241,99,216,183,622.0,137,14.0,0,2553,60,34530
2022-06-25,1511,3645,764.0,241,99,217,184,626.0,137,14.0,0,2560,60,34000
2022-06-26,1532,3659,764.0,243,99,217,184,630.0,139,14.0,0,2564,60,34850
2022-06-27,1552,3687,771.0,243,101,217,184,636.0,139,14.0,0,2575,60,35000
2022-06-28,1567,3704,778.0,243,102,217,185,636.0,139,14.0,0,2589,61,35000
2022-06-29,1572,3720,781.0,246,103,217,185,640.0,142,14.0,0,2598,61,35450
2022-06-30,1573,3726,790.0,246,104,217,185,641.0,143,14.0,0,2602,61,35000
2022-07-01,1577,3736,796.0,246,105,217,186,645.0,143,15.0,0,2610,61,35000
2022-07-02,1582,3737,800.0,246,105,217,186,653.0,144,15.0,0,2614,61,35870
2022-07-03,1584,3744,801.0,246,105,217,187,654.0,144,15.0,0,2618,64,35970
2022-07-04,1589,3754,804.0,246,105,217,187,658.0,144,15.0,0,2629,65,36000
2022-07-05,1594,3772,806.0,247,105,217,187,660.0,144,15.0,0,2634,65,36350
2022-07-06,1600,3789,812.0,247,107,217,187,664.0,153,15.0,0,2648,65,36000
2022-07-07,1602,3797,815.0,247,107,217,187,667.0,155,15.0,0,2665,66,36650
2022-07-08,1637,3811,828.0,247,107,217,187,669.0,155,15.0,0,2685,66,36900
2022-07-09,1638,3815,832.0,247,108,217,187,674.0,155,15.0,0,2687,66,37000
2022-07-10,1641,3823,834.0,247,108,217,188,676.0,155,15.0,0,2694,66,37000
2022-07-11,1645,3828,838.0,247,109,217,188,676.0,155,15.0,0,2696,66,37000
2022-07-12,1649,3829,838.0,247,109,217,188,676.0,155,15.0,0,2699,66,37470
2022-07-13,1649,3832,839.0,247,109,217,188,678.0,155,15.0,0,2704,67,37570
2022-07-14,1667,3852,840.0,247,109,219,188,681.0,155,15.0,0,2720,67,37870
2022-07-15,1672,3866,842.0,247,109,220,188,681.0,155,15.0,0,2731,67,38000
2022-07-16,1677,3874,846.0,247,109,220,188,687.0,162,15.0,0,2735,68,38140
2022-07-17,1684,3879,846.0,248,110,220,188,688.0,166,15.0,0,2746,68,38000
2022-07-18,1687,3886,849.0,248,113,220,188,690.0,166,15.0,0,2753,70,38450
2022-07-19,1691,3892,851.0,248,113,220,188,693.0,167,15.0,0,2767,70,38550
2022-07-20,1700,3905,856.0,250,113,221,188,703.0,167,15.0,0,2775,70,38000
2022-07-21,1704,3912,859.0,251,113,221,188,710.0,167,15.0,0,2781,72,38850
2022-07-22,1704,3920,863.0,251,113,221,188,713.0,167,15.0,0,2803,72,39000
2022-07-23,1708,3929,864.0,253,113,221,188,714.0,167,15.0,0,2820,72,39240
2022-07-24,1722,3942,869.0,255,113,221,188,714.0,170,15.0,0,2823,73,39520
2022-07-25,1730,3950,876.0,257,116,222,188,719.0,174,15.0,0,2832,73,39700
2022-07-26,1737,3959,880.0,258,117,222,189,722.0,174,15.0,0,2835,75,39870
2022-07-27,1738,3971,883.0,258,117,222,190,726.0,174,15.0,0,2847,75,40070
2022-07-28,1742,3979,894.0,258,117,222,190,729.0,174,15.0,0,2854,75,40230
2022-07-29,1749,3987,900.0,258,117,222,190,731.0,174,15.0,0,2870,77,40000
2022-07-30,1759,3995,906.0,258,117,222,190,733.0,174,15.0,0,2889,78,40670
2022-07-31,1763,4004,916.0,259,117,223,190,735.0,174,15.0,0,2902,80,40830
2022-08-01,1768,4011,932.0,259,117,223,190,736.0,174,15.0,0,2912,82,41030
2022-08-02,1768,4014,936.0,259,117,223,191,739.0,174,15.0,0,2914,82,41170
2022-08-03,1774,4022,939.0,259,118,223,191,740.0,180,15.0,0,2922,83,41350
2022-08-04,1789,4026,946.0,260,118,223,191,742.0,182,15.0,0,2960,83,41000
2022-08-05,1792,4032,950.0,260,123,223,191,742.0,182,15.0,0,2964,83,41650
2022-08-06,1802,4051,955.0,260,127,223,191,744.0,182,15.0,0,2970,85,41900
2022-08-07,1805,4055,958.0,260,132,223,191,750.0,182,15.0,0,2978,86,42200
2022-08-08,1811,4070,960.0,261,132,223,192,754.0,182,15.0,0,2993,86,42340
2022-08-09,1817,4076,964.0,261,133,223,193,757.0,185,15.0,0,2998,87,42640
2022-08-10,1832,4086,971.0,261,133,232,193,766.0,185,15.0,0,3005,89,42000
2022-08-11,1846,4100,974.0,261,134,232,193,772.0,185,15.0,0,3018,90,43000
2022-08-12,1849,4108,975.0,261,136,233,193,778.0,185,15.0,0,3021,90,43000
2022-08-13,1856,4115,978.0,261,136,233,193,779.0,187,15.0,0,3036,91,43000
2022-08-14,1864,4126,980.0,261,136,233,194,784.0,187,15.0,0,3039,91,43550
2022-08-15,1876,4141,985.0,261,136,233,195,787.0,187,15.0,0,3044,92,43750
2022-08-16,1880,4152,989.0,263,136,233,196,790.0,190,15.0,0,3049,92,43900
2022-08-17,1886,4162,993.0,263,136,233,196,792.0,190,15.0,0,3054,93,44000
2022-08-18,1889,4179,1010.0,265,136,234,197,793.0,190,15.0,0,3061,93,44000
2022-08-19,1899,4195,1016.0,266,141,234,197,795.0,190,15.0,0,3130,94,44000
2022-08-20,1907,4212,1018.0,266,141,234,197,803.0,190,15.0,0,3137,97,44000
2022-08-21,1912,4224,1028.0,266,141,234,197,806.0,190,15.0,0,3143,99,45000
2022-08-22,1919,4230,1032.0,266,145,234,198,815.0,194,15.0,0,3149,99,45000
2022-08-23,1921,4238,1033.0,266,146,234,198,817.0,196,15.0,0,3150,99,45550
2022-08-24,1924,4243,1036.0,266,147,234,199,819.0,196,15.0,0,3160,99,45000
2022-08-25,1929,4245,1037.0,272,148,234,202,828.0,196,15.0,0,3160,99,45850
2022-08-26,1936,4251,1040.0,272,148,234,202,834.0,196,15.0,0,3162,99,46250
2022-08-27,1939,4254,1045.0,274,148,234,202,836.0,196,15.0,0,3165,99,46500
2022-08-28,1942,4257,1050.0,274,148,234,202,838.0,196,15.0,0,3171,99,46000
2022-08-29,1947,4269,1060.0,279,149,234,203,844.0,196,15.0,0,3188,101,47000
2022-08-30,1954,4294,1079.0,282,151,234,204,847.0,196,15.0,0,3217,103,47550
2022-08-31,1974,4312,1091.0,285,152,234,204,849.0,196,15.0,0,3236,103,47900
2022-09-01,1997,4345,1115.0,287,153,234,205,851.0,196,15.0,0,3239,104,48350
2022-09-02,2009,4366,1126.0,289,153,234,205,853.0,198,15.0,0,3247,105,48000
2022-09-03,2034,4403,1134.0,293,153,235,205,864.0,203,15.0,0,3268,105,49050
2022-09-04,2049,4430,1147.0,294,156,236,206,864.0,203,15.0,0,3276,106,49000
2022-09-05,2068,4459,1157.0,294,156,236,206,867.0,205,15.0,0,3286,107,49800
2022-09-06,2077,4484,1179.0,296,156,236,207,876.0,209,15.0,0,3305,109,50150
2022-09-07,2097,4520,1194.0,300,156,237,208,880.0,214,15.0,0,3320,109,50610
2022-09-08,2112,4557,1226.0,305,159,239,210,884.0,214,15.0,0,3344,110,51250
2022-09-09,2122,4575,1237.0,306,159,239,211,888.0,214,15.0,0,3399,114,51000
2022-09-10,2136,4584,1259.0,311,162,239,212,898.0,215,15.0,0,3426,116,52250
2022-09-11,2154,4617,1263.0,311,162,242,213,902.0,216,15.0,0,3445,117,52000
2022-09-12,2168,4640,1269.0,311,162,243,213,903.0,216,15.0,0,3463,117,52950
2022-09-13,2175,4662,1279.0,311,165,244,213,904.0,233,15.0,0,3469,117,53300
2022-09-14,2180,4665,1290.0,311,167,246,215,908.0,233,15.0,0,3501,120,53650
2022-09-15,2193,4682,1295.0,311,167,250,215,908.0,233,15.0,0,3522,120,53850
2022-09-16,2199,4690,1302.0,312,168,250,216,908.0,233,15.0,0,3550,121,54050
2022-09-17,2202,4701,1306.0,312,168,251,216,911.0,236,15.0,0,3571,121,54250
2022-09-18,2210,4718,1309.0,312,168,251,217,918.0,238,15.0,0,3578,122,54480
2022-09-19,2212,4720,1313.0,312,168,251,217,920.0,238,15.0,0,3581,125,54650
2022-09-20,2216,4724,1323.0,318,168,252,217,925.0,239,15.0,0,3587,125,54810
2022-09-21,2227,4748,1340.0,318,168,253,217,932.0,239,15.0,0,3610,125,55110
2022-09-22,2236,4776,1341.0,318,169,253,218,941.0,240,15.0,0,3630,125,55510
2022-09-23,2254,4796,1355.0,326,170,254,219,950.0,240,15.0,0,3659,126,56060
2022-09-24,2262,4807,1361.0,327,170,255,220,956.0,240,15.0,0,3681,126,56000
2022-09-25,2275,4832,1368.0,328,171,259,220,966.0,241,15.0,0,3701,130,56700
2022-09-26,2290,4857,1369.0,330,172,260,224,970.0,241,15.0,0,3711,131,57200
2022-09-27,2306,4881,1378.0,331,175,261,224,977.0,241,15.0,0,3730,131,57750
2022-09-28,2312,4889,1381.0,331,175,262,224,989.0,242,15.0,0,3742,131,58000
2022-09-29,2325,4909,1385.0,331,175,262,224,995.0,246,15.0,0,3751,131,58580
2022-09-30,2338,4932,1391.0,333,176,264,225,1003.0,246,15.0,0,3768,131,59080
2022-10-01,2354,4949,1397.0,336,176,264,226,1009.0,246,15.0,0,3786,131,59610
2022-10-02,2377,4975,1405.0,337,176,264,227,1015.0,246,15.0,0,3796,131,60110
2022-10-03,2380,4991,1405.0,338,176,265,228,1026.0,246,15.0,0,3811,131,60430
2022-10-04,2424,5018,1407.0,340,177,266,228,1028.0,246,15.0,0,3823,131,60000
2022-10-05,2435,5038,1414.0,341,177,266,232,1032.0,246,15.0,0,3841,132,61000
2022-10-06,2449,5064,1424.0,344,177,266,232,1047.0,246,15.0,0,3854,134,61330
2022-10-07,2466,5093,1455.0,344,177,266,233,1067.0,246,15.0,0,3862,135,61680
2022-10-08,2472,5111,1459.0,345,180,266,234,1079.0,246,15.0,0,3875,136,62060
2022-10-09,2486,5133,1477.0,348,180,266,235,1086.0,247,15.0,0,3890,136,62000
2022-10-10,2495,5149,1486.0,353,181,267,235,1097.0,249,15.0,0,3908,136,62870
2022-10-11,2504,5156,1496.0,353,181,268,235,1114.0,295,15.0,0,3916,136,63110
2022-10-12,2505,5156,1539.0,355,183,268,235,1149.0,316,16.0,0,3926,140,63380
2022-10-13,2511,5167,1556.0,357,183,268,240,1182.0,316,16.0,0,3935,140,63000
2022-10-14,2521,5172,1566.0,362,186,268,240,1199.0,316,16.0,0,3944,142,64000
2022-10-15,2524,5179,1582.0,365,186,268,242,1210.0,316,16.0,0,3951,142,64700
2022-10-16,2529,5193,1589.0,365,186,268,242,1224.0,316,16.0,0,3959,143,65000
2022-10-17,2537,5205,1599.0,366,187,268,242,1241.0,316,16.0,0,3969,144,65320
2022-10-18,2548,5219,1622.0,372,188,268,242,1276.0,318,16.0,0,3985,144,65850
2022-10-19,2554,5235,1637.0,372,189,269,242,1286.0,323,16.0,0,3999,146,66280
2022-10-20,2567,5255,1646.0,372,189,269,243,1311.0,329,16.0,0,4005,147,66650
2022-10-21,2573,5258,1648.0,372,189,269,243,1325.0,329,16.0,0,4006,147,66750
2022-10-22,2579,5266,1653.0,373,189,270,243,1341.0,329,16.0,0,4021,148,67070
2022-10-23,2584,5284,1667.0,374,189,270,245,1361.0,350,16.0,0,4039,148,67470
2022-10-24,2590,5295,1673.0,375,189,270,245,1370.0,350,16.0,0,4044,149,67940
2022-10-25,2611,5321,1674.0,377,190,271,248,1372.0,350,16.0,0,4054,149,68420
2022-10-26,2628,5351,1686.0,379,192,271,248,1379.0,350,16.0,0,4076,149,68000
2022-10-27,2631,5364,1690.0,379,192,271,249,1398.0,351,16.0,0,4078,150,69220
2022-10-28,2640,5378,1698.0,379,192,272,251,1401.0,351,16.0,0,4088,151,69700
2022-10-29,2659,5401,1708.0,380,195,273,252,1406.0,351,16.0,0,4107,152,70250
2022-10-30,2672,5453,1724.0,383,197,274,252,1412.0,352,16.0,0,4120,154,71200
2022-10-31,2686,5485,1728.0,383,197,275,253,1413.0,352,16.0,0,4128,154,71820
2022-11-01,2698,5501,1730.0,383,197,276,257,1415.0,397,16.0,0,4143,154,72470
2022-11-02,2714,5525,1733.0,387,198,277,258,1438.0,397,16.0,0,4153,154,73270
2022-11-03,2734,5552,1755.0,390,198,277,258,1442.0,397,16.0,0,4162,155,74000
2022-11-04,2750,5580,1772.0,391,201,277,258,1450.0,397,16.0,0,4174,155,74840
2022-11-05,2758,5601,1776.0,391,202,277,260,1462.0,399,16.0,0,4184,155,75440
2022-11-06,2765,5611,1781.0,391,202,277,260,1465.0,399,16.0,0,4191,155,75000
2022-11-07,2771,5630,1782.0,391,202,277,260,1472.0,399,16.0,0,4199,157,76460
2022-11-08,2786,5654,1791.0,391,203,278,260,1476.0,399,16.0,0,4216,159,77170
2022-11-09,2801,5666,1802.0,393,205,278,260,1483.0,399,16.0,0,4227,159,77950
2022-11-10,2804,5682,1805.0,393,205,278,260,1499.0,399,16.0,0,4242,159,78690
2022-11-11,2814,5696,1817.0,393,205,278,261,1505.0,399,16.0,0,4259,159,79000
2022-11-12,2838,5730,1829.0,393,205,278,261,1506.0,399,16.0,0,4279,160,80210
2022-11-13,2840,5742,1837.0,393,206,278,261,1507.0,399,16.0,0,4295,160,80860
2022-11-14,2848,5748,1839.0,393,206,278,261,1509.0,399,16.0,0,4316,160,81370
2022-11-15,2861,5773,1850.0,393,208,278,261,1511.0,399,16.0,0,4351,160,82080
2022-11-16,2871,5797,1860.0,393,209,278,261,1525.0,474,16.0,0,4360,160,82710
2022-11-17,2878,5804,1860.0,393,209,278,261,1531.0,474,16.0,0,4362,160,83110
2022-11-18,2879,5808,1865.0,393,209,278,261,1536.0,480,16.0,0,4366,161,83460
2022-11-19,2885,5815,1867.0,393,209,278,261,1536.0,480,16.0,0,4368,161,83880
2022-11-20,2886,5817,1868.0,393,209,278,261,1537.0,480,16.0,0,4371,161,84210
2022-11-21,2892,5822,1870.0,393,209,278,261,1537.0,480,16.0,0,4378,161,84000
2022-11-22,2895,5827,1882.0,395,209,278,261,1537.0,480,16.0,0,4393,161,85000
2022-11-23,2897,5832,1887.0,395,209,278,261,1537.0,480,16.0,0,4396,161,85410
2022-11-24,2898,5839,1889.0,395,209,278,261,1547.0,531,16.0,0,4400,161,85720
2022-11-25,2899,5844,1895.0,395,209,278,261,1553.0,531,16.0,0,4404,163,86000
2022-11-26,2901,5848,1896.0,395,209,278,261,1554.0,531,16.0,0,4406,163,86710
2022-11-27,2905,5856,1897.0,395,209,278,261,1555.0,531,16.0,0,4412,163,87310
2022-11-28,2908,5861,1899.0,395,209,278,261,1555.0,531,16.0,0,4416,163,87000
2022-11-29,2911,5866,1901.0,395,209,280,261,1555.0,531,16.0,0,4423,163,88380
2022-11-30,2914,5872,1902.0,395,210,280,261,1562.0,531,16.0,0,4429,163,88880
2022-12-01,2915,5877,1904.0,395,210,280,261,1562.0,531,16.0,0,4441,163,89440
2022-12-02,2916,5883,1905.0,395,210,280,262,1564.0,531,16.0,0,4464,163,90090
2022-12-03,2917,5886,1906.0,395,210,280,263,1572.0,531,16.0,0,4472,163,90000
2022-12-04,2922,5892,1908.0,395,210,281,263,1573.0,531,16.0,0,4479,163,91150
2022-12-05,2924,5900,1914.0,395,211,281,264,1582.0,531,16.0,0,4497,163,91690
2022-12-06,2929,5905,1915.0,395,211,281,264,1587.0,592,16.0,0,4505,163,92200
2022-12-07,2935,5909,1923.0,395,211,281,264,1601.0,592,16.0,0,4526,163,92000
2022-12-08,2937,5911,1925.0,395,211,281,264,1603.0,592,16.0,0,4528,164,93080
2022-12-09,2937,5912,1926.0,395,211,281,264,1603.0,592,16.0,0,4531,164,93390
2022-12-10,2940,5917,1927.0,397,211,281,264,1603.0,592,16.0,0,4535,167,93760
2022-12-11,2942,5920,1928.0,397,211,281,264,1613.0,592,16.0,0,4540,167,94140
2022-12-12,2966,5928,1929.0,397,211,281,264,1617.0,592,16.0,0,4544,169,94760
2022-12-13,2966,5930,1931.0,404,211,281,264,1617.0,592,16.0,0,4549,170,95260
2022-12-14,2970,5937,1931.0,404,211,281,264,1617.0,592,16.0,0,4562,171,96000
2022-12-15,2975,5946,1943.0,406,211,281,264,1644.0,592,16.0,0,4563,172,96590
2022-12-16,2980,5952,1946.0,410,211,281,264,1648.0,592,16.0,0,4563,172,97270
2022-12-17,2985,5958,1947.0,410,211,281,264,1648.0,653,16.0,0,4577,174,97690
2022-12-18,2987,5963,1948.0,410,211,281,264,1649.0,653,16.0,0,4579,174,98280
2022-12-19,2988,5969,1953.0,410,212,281,264,1657.0,653,16.0,0,4592,175,98000
2022-12-20,2995,5974,1960.0,410,212,281,266,1680.0,653,16.0,0,4599,177,99230
2022-12-21,3002,5979,1972.0,412,212,282,267,1688.0,653,16.0,0,4608,178,99740
2022-12-22,3003,5981,1978.0,413,212,283,267,1693.0,653,16.0,0,4615,178,100000
2022-12-23,3005,5986,1984.0,414,212,283,267,1698.0,653,16.0,0,4622,178,100950
2022-12-24,3006,5994,1988.0,418,212,283,267,1706.0,653,16.0,0,4627,178,101430
2022-12-25,3011,6010,1991.0,418,212,283,267,1706.0,653,16.0,0,4635,178,100000
2022-12-26,3016,6017,1996.0,418,212,283,267,1707.0,653,16.0,0,4647,178,102000
2022-12-27,3016,6024,1998.0,418,212,283,267,1707.0,653,16.0,0,4652,179,103220
2022-12-28,3017,6037,1999.0,418,212,283,267,1707.0,653,16.0,0,4660,179,103770
2022-12-29,3018,6047,2004.0,423,212,283,268,1717.0,653,16.0,0,4675,179,104560
2022-12-30,3026,6059,2010.0,423,212,283,268,1740.0,711,16.0,0,4683,180,105250
2022-12-31,3029,6075,2016.0,423,213,283,269,1746.0,711,16.0,0,4707,180,105960
2023-01-01,3031,6084,2021.0,423,213,283,269,1792.0,723,16.0,0,4720,181,106720
2023-01-02,3031,6093,2027.0,423,213,283,269,1836.0,723,16.0,0,4725,181,107440
2023-01-03,3036,6100,2033.0,424,214,283,270,1839.0,723,16.0,0,4735,181,108190
2023-01-04,3038,6106,2039.0,424,215,283,270,1842.0,723,16.0,0,4745,181,108910
2023-01-05,3041,6108,2051.0,426,215,284,271,1844.0,723,16.0,0,4759,182,109720
2023-01-06,3064,6124,2059.0,431,215,285,272,1844.0,723,16.0,0,4797,182,110250
2023-01-07,3066,6125,2062.0,431,217,285,272,1844.0,723,16.0,0,4798,182,110000
2023-01-08,3069,6130,2065.0,431,217,285,272,1849.0,723,16.0,0,4801,183,111170
2023-01-09,3080,6147,2069.0,434,217,285,275,1856.0,723,16.0,0,4809,183,111760
2023-01-10,3084,6154,2073.0,434,217,285,275,1860.0,723,17.0,0,4817,183,112470
2023-01-11,3094,6159,2078.0,437,217,285,275,1862.0,723,17.0,0,4826,184,112960
2023-01-12,3094,6159,2082.0,437,218,285,276,1865.0,723,17.0,0,4826,184,113390
2023-01-13,3098,6167,2086.0,437,218,286,276,1865.0,723,17.0,0,4833,184,114130
2023-01-14,3104,6173,2090.0,437,219,286,276,1867.0,723,17.0,0,4846,186,114660
2023-01-15,3106,6183,2094.0,437,219,286,276,1872.0,749,17.0,0,4846,187,115290
2023-01-16,3118,6204,2099.0,438,220,286,276,1872.0,749,17.0,0,4870,190,116080
2023-01-17,3121,6215,2104.0,441,220,286,276,1872.0,749,17.0,0,4877,190,116950
2023-01-18,3130,6225,2108.0,442,220,287,276,1876.0,749,17.0,0,4889,190,117770
2023-01-19,3136,6235,2122.0,442,220,287,277,1882.0,749,17.0,0,4896,190,118530
2023-01-20,3139,6241,2129.0,442,220,287,277,1886.0,749,17.0,0,4903,190,119000
2023-01-21,3140,6256,2135.0,443,220,287,277,1891.0,749,17.0,0,4918,193,120160
2023-01-22,3145,6268,2144.0,445,220,287,277,1892.0,749,17.0,0,4932,193,120760
2023-01-23,3150,6276,2146.0,447,220,287,277,1894.0,749,18.0,0,4936,193,121480
2023-01-24,3152,6284,2148.0,448,220,289,281,1897.0,749,18.0,0,4944,194,122170
2023-01-25,3161,6307,2154.0,450,220,290,281,1902.0,749,18.0,0,4967,194,123080
2023-01-26,3175,6334,2169.0,452,220,292,282,1908.0,749,18.0,0,4986,195,123860
2023-01-27,3182,6340,2180.0,452,221,292,283,1941.0,796,18.0,0,5001,199,124710
2023-01-28,3189,6344,2188.0,453,221,293,284,1947.0,796,18.0,0,5027,199,125510
2023-01-29,3197,6366,2195.0,453,221,293,284,1947.0,796,18.0,0,5037,199,126160
2023-01-30,3201,6369,2196.0,453,221,293,284,1947.0,796,18.0,0,5041,199,126650
2023-01-31,3201,6378,2197.0,454,221,293,284,1951.0,796,18.0,0,5048,200,127000
2023-02-01,3209,6382,2207.0,458,221,293,284,1951.0,796,18.0,0,5061,200,128420
2023-02-02,3211,6382,2212.0,458,222,293,284,1951.0,796,18.0,0,5064,200,129030
2023-02-03,3215,6388,2215.0,460,222,294,284,1952.0,796,18.0,0,5068,202,129870
2023-02-04,3218,6394,2220.0,460,225,294,284,1956.0,796,18.0,0,5081,203,130590
2023-02-05,3220,6405,2226.0,460,227,294,284,1958.0,796,18.0,0,5091,203,131290
2023-02-06,3231,6415,2231.0,461,227,294,284,1958.0,796,18.0,0,5104,203,132160
2023-02-07,3245,6443,2232.0,461,227,294,284,1958.0,796,18.0,0,5107,208,133190
2023-02-08,3253,6458,2236.0,461,228,295,285,1961.0,796,18.0,0,5112,211,134100
2023-02-09,3255,6468,2244.0,463,232,295,285,1967.0,796,18.0,0,5121,211,135010
2023-02-10,3258,6471,2251.0,463,233,295,286,1970.0,796,18.0,0,5126,211,135740
2023-02-11,3267,6474,2270.0,463,234,295,286,1997.0,857,18.0,0,5134,214,136880
2023-02-12,3280,6488,2287.0,465,234,296,286,2007.0,857,18.0,0,5148,215,137780
2023-02-13,3283,6492,2290.0,465,234,296,286,2007.0,857,18.0,0,5150,217,138340
2023-02-14,3286,6500,2299.0,466,234,298,286,2011.0,857,18.0,0,5155,218,139080
2023-02-15,3290,6507,2303.0,466,236,298,286,2011.0,857,18.0,0,5161,219,139770
2023-02-16,3296,6517,2306.0,466,239,298,287,2012.0,857,18.0,0,5167,219,140460
2023-02-17,3298,6520,2322.0,467,241,298,287,2013.0,871,18.0,0,5187,221,141260
2023-02-18,3303,6533,2326.0,469,243,298,287,2016.0,871,18.0,0,5196,223,142270
2023-02-19,3310,6545,2327.0,469,243,298,287,2016.0,873,18.0,0,5196,224,142860
2023-02-20,3316,6553,2334.0,471,243,299,287,2018.0,873,18.0,0,5209,225,143680
2023-02-21,3326,6562,2338.0,471,243,299,287,2023.0,873,18.0,0,5210,226,144440
2023-02-22,3334,6569,2345.0,471,243,299,287,2026.0,873,18.0,0,5212,226,145060
2023-02-23,3350,6593,2352.0,471,244,299,287,2029.0,873,18.0,0,5215,228,145850
2023-02-24,3363,6600,2363.0,474,247,299,287,2033.0,873,18.0,0,5224,229,146820
2023-02-25,3375,6609,2373.0,475,247,299,288,2035.0,873,18.0,0,5235,230,147470
2023-02-26,3381,6615,2380.0,475,247,299,288,2037.0,873,18.0,0,5242,230,148000
2023-02-27,3385,6621,2380.0,475,247,300,288,2048.0,873,18.0,0,5248,230,148690
2023-02-28,3388,6630,2383.0,478,247,300,288,2051.0,873,18.0,0,5252,230,149000
2023-03-01,3395,6638,2393.0,479,247,300,288,2055.0,873,18.0,0,5257,230,149890
2023-03-02,3397,6658,2398.0,480,247,300,288,2058.0,873,18.0,0,5264,230,150605
2023-03-03,3405,6673,2402.0,484,247,301,289,2061.0,873,18.0,0,5281,230,151370
2023-03-04,3409,6683,2414.0,487,247,302,289,2066.0,873,18.0,0,5289,230,152190
2023-03-05,3414,6692,2426.0,488,248,302,289,2071.0,873,18.0,0,5299,232,153120
2023-03-06,3423,6703,2433.0,488,250,302,289,2086.0,873,18.0,0,5307,234,153770
2023-03-07,3432,6714,2456.0,488,253,303,289,2095.0,873,18.0,0,5323,236,154830
2023-03-08,3436,6723,2463.0,488,253,303,289,2098.0,873,18.0,0,5330,236,155530
2023-03-09,3441,6736,2465.0,488,254,303,289,2098.0,873,18.0,0,5331,237,156120
2023-03-10,3448,6742,2475.0,491,256,304,289,2107.0,907,18.0,0,5337,240,156990
2023-03-11,3458,6762,2483.0,493,257,304,289,2108.0,907,18.0,0,5344,242,158000
2023-03-12,3466,6769,2487.0,493,259,304,289,2108.0,907,18.0,0,5348,242,159090
2023-03-13,3474,6774,2503.0,493,259,304,289,2109.0,907,18.0,0,5354,251,159000
2023-03-14,3484,6789,2519.0,495,260,304,289,2120.0,907,18.0,0,5367,256,160540
2023-03-15,3492,6799,2528.0,502,262,304,289,2132.0,907,18.0,0,5377,257,161520
2023-03-16,3504,6810,2539.0,503,265,305,289,2145.0,907,18.0,0,5394,257,162560
2023-03-17,3506,6823,2552.0,504,265,305,290,2145.0,907,18.0,0,5401,258,163320
2023-03-18,3511,6830,2560.0,506,265,305,290,2159.0,907,18.0,0,5404,259,164000
2023-03-19,3532,6853,2568.0,507,268,305,290,2159.0,907,18.0,0,5408,262,164910
2023-03-20,3537,6869,2577.0,507,270,305,290,2160.0,907,18.0,0,5416,265,165610
2023-03-21,3552,6879,2586.0,507,270,305,290,2167.0,907,18.0,0,5428,266,166570
2023-03-22,3557,6887,2589.0,509,272,305,290,2183.0,909,18.0,0,5434,270,167490
2023-03-23,3570,6898,2608.0,511,273,305,290,2203.0,909,18.0,0,5452,273,168000
2023-03-24,3574,6921,2616.0,511,276,305,290,2208.0,911,18.0,0,5464,277,169170
2023-03-25,3580,6932,2623.0,520,276,305,291,2214.0,911,18.0,0,5483,279,169890
2023-03-26,3595,6947,2631.0,522,277,305,291,2216.0,911,18.0,0,5486,282,170550
2023-03-27,3595,6953,2638.0,523,277,305,291,2216.0,911,18.0,0,5493,285,171160
2023-03-28,3602,6966,2653.0,525,277,305,291,2235.0,911,18.0,0,5502,287,171730
2023-03-29,3609,6966,2659.0,526,277,306,291,2239.0,911,18.0,0,5507,288,172340
2023-03-30,3610,6974,2671.0,526,278,306,291,2239.0,911,18.0,0,5518,291,172900
2023-03-31,3615,6977,2675.0,526,278,306,291,2248.0,911,18.0,0,5521,294,173360
2023-04-01,3616,6981,2683.0,527,279,306,291,2248.0,911,18.0,0,5528,296,173000
2023-04-02,3618,6986,2687.0,527,279,306,291,2249.0,911,18.0,0,5537,296,174550
2023-04-03,3619,6993,2694.0,527,280,306,291,2262.0,911,18.0,0,5553,298,175160
2023-04-04,3627,6999,2697.0,528,280,306,291,2277.0,911,18.0,0,5562,298,175690
2023-04-05,3629,7005,2707.0,532,280,306,291,2283.0,911,18.0,0,5573,299,176240
2023-04-06,3631,7013,2714.0,532,281,306,292,2287.0,911,18.0,0,5574,302,176630
2023-04-07,3633,7016,2722.0,533,281,306,292,2291.0,911,18.0,0,5587,304,177110
2023-04-08,3636,7020,2727.0,533,282,307,292,2298.0,911,18.0,0,5599,304,177680
2023-04-09,3636,7024,2740.0,533,282,307,292,2312.0,911,18.0,0,5602,309,178000
2023-04-10,3637,7028,2750.0,534,282,307,292,2323.0,911,18.0,0,5607,311,178820
2023-04-11,3644,7038,2765.0,535,282,307,293,2332.0,911,18.0,0,5620,316,179320
2023-04-12,3646,7043,2770.0,535,282,307,293,2334.0,911,18.0,0,5630,319,180050
2023-04-13,3646,7053,2777.0,535,283,307,293,2339.0,911,18.0,0,5637,320,180590
2023-04-14,3650,7069,2784.0,535,283,307,293,2339.0,911,18.0,0,5640,321,181090
2023-04-15,3653,7073,2785.0,535,283,307,293,2339.0,911,18.0,0,5646,324,181550
2023-04-16,3657,7083,2795.0,538,284,308,293,2339.0,911,18.0,0,5658,326,182070
2023-04-17,3660,7087,2804.0,538,285,308,293,2347.0,911,18.0,0,5672,328,182660
2023-04-18,3661,7098,2810.0,538,285,308,293,2353.0,911,18.0,0,5676,330,183000
2023-04-19,3665,7110,2819.0,538,285,308,293,2376.0,911,18.0,0,5692,330,183750
2023-04-20,3667,7120,2825.0,539,285,308,293,2386.0,911,18.0,0,5707,332,184420
2023-04-21,3668,7126,2827.0,539,285,308,293,2394.0,911,18.0,0,5713,334,180000
2023-04-22,3672,7130,2832.0,539,289,308,293,2398.0,911,18.0,0,5718,337,185730
2023-04-23,3675,7131,2837.0,539,289,308,294,2402.0,911,18.0,0,5730,339,186420
2023-04-24,3683,7139,2849.0,539,289,308,294,2413.0,911,18.0,0,5753,339,187080
2023-04-25,3688,7151,2863.0,539,291,308,294,2437.0,911,18.0,0,5784,345,187770
2023-04-26,3692,7162,2877.0,539,292,308,294,2440.0,911,18.0,0,5792,352,188410
2023-04-27,3694,7178,2887.0,542,293,308,294,2461.0,911,18.0,0,5805,352,180000
2023-04-28,3694,7181,2905.0,543,294,308,294,2467.0,911,18.0,0,5819,353,189460
2023-04-29,3697,7184,2908.0,543,294,308,294,2471.0,932,18.0,0,5836,355,190040
2023-04-30,3699,7189,2914.0,544,295,308,294,2475.0,932,18.0,0,5842,357,190510
2023-05-01,3700,7192,2921.0,544,295,308,294,2476.0,932,18.0,0,5845,359,190960
2023-05-02,3701,7193,2930.0,544,298,308,294,2477.0,947,18.0,0,5851,360,191420
2023-05-03,3702,7199,2946.0,544,300,308,294,2505.0,947,18.0,0,5865,363,191940
2023-05-04,3707,7216,2962.0,547,304,308,294,2523.0,947,18.0,0,5886,370,192590
2023-05-05,3710,7224,2978.0,550,304,308,294,2540.0,947,18.0,0,5916,373,193210
2023-05-06,3717,7238,2992.0,552,306,308,294,2554.0,947,18.0,0,5936,375,193770
2023-05-07,3723,7248,3010.0,554,306,308,294,2572.0,947,18.0,0,5952,380,194430
2023-05-08,3730,7253,3018.0,554,306,308,294,2614.0,947,18.0,0,5958,384,194970
2023-05-09,3734,7257,3031.0,554,307,308,294,2618.0,955,18.0,0,5969,388,195620
2023-05-10,3736,7275,3039.0,555,308,308,294,2624.0,970,18.0,0,5974,389,196310
2023-05-11,3740,7287,3053.0,557,310,308,294,2627.0,970,18.0,0,5984,391,196920
2023-05-12,3745,7295,3068.0,559,312,308,294,2636.0,970,18.0,0,5996,393,197670
2023-05-13,3751,7307,3095.0,561,314,308,294,2665.0,970,18.0,0,6011,402,198260
2023-05-14,3756,7325,3116.0,562,314,308,294,2696.0,970,18.0,0,6018,404,198880
2023-05-15,3759,7336,3137.0,562,316,308,294,2720.0,973,18.0,0,6034,407,199460
2023-05-16,3762,7348,3150.0,562,316,308,294,2732.0,973,18.0,0,6048,410,199980
2023-05-17,3771,7365,3166.0,562,318,308,294,2748.0,982,18.0,0,6067,417,200590
2023-05-18,3773,7373,3198.0,563,318,308,294,2759.0,990,18.0,0,6073,418,201110
2023-05-19,3777,7377,3210.0,564,319,308,294,2769.0,1011,18.0,0,6083,419,201760
2023-05-20,3781,7382,3229.0,564,325,308,294,2801.0,1011,18.0,0,6103,423,202430
2023-05-21,3783,7398,3258.0,564,327,308,294,2822.0,1011,18.0,0,6115,425,203160
2023-05-22,3785,7407,3278.0,565,327,309,294,2830.0,1011,18.0,0,6129,427,203880
2023-05-23,3789,7419,3318.0,565,327,309,295,2864.0,1015,18.0,0,6139,433,204360
2023-05-24,3792,7424,3339.0,570,327,309,296,2871.0,1015,18.0,0,6146,440,204760
2023-05-25,3795,7432,3359.0,570,327,309,296,2907.0,1015,18.0,0,6148,444,205260
2023-05-26,3796,7435,3384.0,570,328,310,296,2910.0,1015,18.0,0,6161,446,205720
2023-05-27,3794,7449,3414.0,574,329,313,298,2990.0,1056,18.0,0,6183,449,206200
2023-05-28,3797,7456,3425.0,574,329,313,298,2993.0,1056,18.0,0,6192,451,206600
2023-05-29,3801,7467,3435.0,575,331,313,298,3054.0,1056,18.0,0,6207,453,207030
2023-05-30,3802,7469,3445.0,575,332,313,298,3092.0,1107,18.0,0,6219,454,207000
2023-05-31,3802,7472,3460.0,575,333,313,298,3124.0,1107,18.0,0,6230,454,207910
2023-06-01,3804,7478,3474.0,575,333,313,298,3131.0,1107,18.0,0,6239,458,208370
2023-06-02,3819,7490,3501.0,575,335,313,298,3137.0,1117,18.0,0,6267,465,208000
2023-06-03,3829,7502,3533.0,582,342,313,298,3165.0,1132,18.0,0,6289,475,209470
2023-06-04,3837,7512,3555.0,583,344,313,298,3175.0,1132,18.0,0,6305,479,209940
2023-06-05,3848,7523,3567.0,584,349,313,298,3189.0,1136,18.0,0,6312,484,210350
2023-06-06,3860,7543,3603.0,590,351,313,299,3212.0,1171,18.0,0,6332,489,211150
2023-06-07,3873,7560,3640.0,594,352,314,299,3219.0,1171,18.0,0,6349,492,212030
2023-06-08,3891,7576,3668.0,595,355,314,299,3234.0,1171,18.0,0,6384,500,212760
2023-06-09,3901,7600,3702.0,599,359,314,299,3247.0,1171,18.0,0,6410,502,213770
2023-06-10,3909,7607,3717.0,600,362,314,299,3263.0,1176,18.0,0,6428,507,214660
2023-06-11,3926,7631,3736.0,601,362,314,299,3300.0,1183,18.0,0,6461,509,215640
2023-06-12,3931,7636,3746.0,601,362,314,299,3307.0,1183,18.0,0,6471,510,216180
2023-06-13,3935,7642,3766.0,601,363,314,300,3309.0,1183,18.0,0,6473,511,216000
2023-06-14,3943,7653,3783.0,603,364,314,300,3324.0,1196,18.0,0,6482,516,217330
2023-06-15,3955,7667,3793.0,604,364,314,301,3333.0,1199,18.0,0,6506,519,217910
2023-06-16,3965,7683,3812.0,606,364,314,301,3357.0,1199,18.0,0,6519,519,218000
2023-06-17,3977,7706,3834.0,609,364,314,302,3364.0,1211,18.0,0,6557,520,219170
2023-06-18,3984,7729,3847.0,610,364,314,304,3371.0,1211,18.0,0,6571,522,219820
2023-06-19,3989,7735,3865.0,610,370,314,305,3383.0,1211,18.0,0,6613,526,220450
2023-06-20,3997,7750,3888.0,614,372,314,306,3393.0,1214,18.0,0,6645,531,221460
2023-06-21,4006,7771,3920.0,615,375,314,306,3428.0,1214,18.0,0,6667,539,222000
2023-06-22,4013,7783,3941.0,617,376,314,307,3438.0,1214,18.0,0,6678,539,222650
2023-06-23,4017,7798,3985.0,617,379,314,307,3447.0,1214,18.0,0,6708,545,220000
2023-06-24,4024,7804,4015.0,619,383,314,308,3460.0,1218,18.0,0,6731,548,223910
2023-06-25,4030,7806,4034.0,624,385,314,308,3472.0,1259,18.0,0,6735,552,224630
2023-06-26,4031,7820,4055.0,624,385,314,308,3482.0,1259,18.0,0,6751,557,225580
2023-06-27,4036,7834,4083.0,626,386,314,308,3492.0,1261,18.0,0,6772,563,226170
2023-06-28,4036,7847,4089.0,627,387,314,308,3499.0,1261,18.0,0,6774,563,227100
2023-06-29,4038,7857,4116.0,627,388,315,308,3513.0,1261,18.0,0,6780,569,227780
2023-06-30,4041,7863,4127.0,630,389,315,308,3519.0,1261,18.0,0,6785,569,228340
2023-07-01,4042,7868,4162.0,632,389,315,308,3545.0,1261,18.0,0,6794,580,228870
2023-07-02,4052,7888,4188.0,637,390,315,308,3557.0,1261,18.0,0,6816,583,229660
2023-07-03,4057,7899,4220.0,641,391,315,309,3573.0,1264,18.0,0,6834,590,230260
2023-07-04,4059,7908,4252.0,647,394,315,309,3602.0,1264,18.0,0,6843,590,231030
2023-07-05,4062,7917,4288.0,656,395,315,309,3614.0,1264,18.0,0,6865,598,231700
2023-07-06,4068,7932,4310.0,657,404,315,309,3635.0,1264,18.0,0,6888,605,232300
2023-07-07,4070,7944,4330.0,658,408,315,309,3652.0,1271,18.0,0,6898,612,232810
2023-07-09,4074,15917,4346.0,661,410,315,309,3666.0,1271,18.0,0,6914,619,233440
2023-07-10,4085,7966,4371.0,668,414,315,309,3686.0,1271,18.0,0,6937,632,234480
2023-07-11,4089,7983,4385.0,672,414,315,310,3693.0,1271,18.0,0,6966,640,235020
2023-07-12,4090,7990,4402.0,674,415,315,310,3726.0,1271,18.0,0,6978,647,200000
2023-07-13,4092,7999,4425.0,678,421,315,310,3752.0,1271,18.0,0,6995,652,236040
2023-07-14,4097,8008,4449.0,680,423,315,310,3783.0,1273,18.0,0,7019,662,236590
2023-07-15,4102,8019,4463.0,680,425,315,310,3807.0,1273,18.0,0,7036,664,237180
2023-07-16,4107,8026,4481.0,681,425,315,310,3820.0,1273,18.0,0,7044,666,237680
2023-07-17,4115,8034,4504.0,685,428,315,310,3828.0,1273,18.0,0,7059,677,238300
2023-07-18,4119,8051,4542.0,689,428,315,310,3839.0,1273,18.0,0,7086,677,239010
2023-07-19,4123,8059,4573.0,689,430,315,310,3885.0,1279,18.0,0,7105,683,239480
2023-07-20,4129,8065,4592.0,692,433,315,310,3918.0,1293,18.0,0,7134,685,240100
2023-07-21,4133,8080,4610.0,692,440,315,310,3933.0,1298,18.0,0,7145,686,240690
2023-07-22,4140,8096,4629.0,693,448,315,310,3944.0,1298,18.0,0,7159,691,241330
2023-07-23,4151,8105,4658.0,697,451,315,310,3958.0,1298,18.0,0,7172,696,241960
2023-07-24,4162,8118,4675.0,697,452,315,310,3963.0,1307,18.0,0,7182,698,242620
2023-07-25,4174,8131,4705.0,698,454,315,310,3977.0,1307,18.0,0,7194,703,243220
2023-07-26,4177,8136,4727.0,698,457,315,311,3993.0,1307,18.0,0,7211,708,243680
2023-07-27,4186,8147,4745.0,698,457,315,311,3996.0,1347,18.0,0,7229,708,244270
2023-07-28,4190,8161,4775.0,698,458,315,311,4007.0,1347,18.0,0,7240,709,244830
2023-07-29,4191,8167,4786.0,698,458,315,311,4007.0,1347,18.0,0,7247,710,245220
2023-07-30,4205,8178,4795.0,698,459,315,311,4011.0,1347,18.0,0,7275,711,245700
2023-07-31,4211,8188,4816.0,699,460,315,311,4017.0,1347,18.0,0,7292,715,246190
2023-08-01,4216,8205,4839.0,699,462,315,311,4027.0,1347,18.0,0,7324,718,246690
2023-08-02,4217,8213,4866.0,700,463,315,311,4042.0,1347,18.0,0,7349,718,247230
2023-08-03,4224,8234,4892.0,704,465,315,311,4077.0,1347,18.0,0,7372,721,247850
2023-08-04,4228,8249,4911.0,704,466,315,311,4104.0,1347,18.0,0,7392,724,248490
2023-08-05,4232,8251,4943.0,704,466,315,311,4116.0,1347,18.0,0,7422,730,249110
2023-08-06,4237,8262,4965.0,705,466,315,311,4126.0,1359,18.0,0,7441,734,249700
2023-08-07,4244,8270,4977.0,709,467,315,311,4154.0,1377,18.0,0,7451,735,250240
2023-08-08,4254,8278,4996.0,709,468,315,312,4158.0,1377,18.0,0,7460,737,250000
2023-08-09,4262,8290,5013.0,711,469,315,312,4175.0,1377,18.0,0,7479,742,251620
2023-08-10,4278,8303,5028.0,711,469,315,313,4179.0,1377,18.0,0,7495,746,252200
2023-08-11,4290,8318,5043.0,713,471,315,313,4197.0,1377,18.0,0,7511,756,252780
2023-08-12,4295,8324,5053.0,713,472,315,313,4201.0,1379,18.0,0,7523,759,253290
2023-08-13,4298,8335,5072.0,713,477,315,313,4204.0,1379,18.0,0,7543,760,253850
2023-08-14,4306,8354,5099.0,714,479,315,313,4213.0,1379,18.0,0,7562,766,254380
2023-08-15,4313,8370,5128.0,714,482,315,314,4242.0,1387,18.0,0,7584,769,254920
2023-08-16,4324,8380,5152.0,714,485,315,314,4248.0,1404,18.0,0,7614,773,255570
2023-08-17,4329,8398,5169.0,714,486,315,314,4272.0,1406,18.0,0,7641,773,256050
2023-08-18,4332,8410,5193.0,714,486,315,316,4276.0,1406,18.0,0,7658,783,256510
2023-08-19,4340,8424,5212.0,714,486,315,316,4282.0,1406,18.0,0,7665,785,257010
2023-08-20,4346,8435,5245.0,717,489,315,316,4304.0,1406,18.0,0,7680,790,257000
2023-08-21,4358,8449,5264.0,719,489,315,316,4309.0,1406,18.0,0,7692,794,257930
2023-08-22,4362,8476,5295.0,721,491,315,316,4312.0,1406,18.0,0,7722,797,258340
2023-08-23,4373,8488,5318.0,722,491,315,316,4324.0,1406,18.0,0,7745,800,258820
2023-08-24,4375,8511,5333.0,723,494,315,316,4344.0,1406,18.0,0,7773,801,259160
2023-08-25,4378,8521,5361.0,724,495,315,316,4356.0,1409,18.0,0,7790,802,259630
2023-08-26,4390,8539,5379.0,726,497,315,316,4367.0,1411,18.0,0,7823,804,260270
2023-08-27,4396,8554,5403.0,728,498,315,316,4378.0,1411,18.0,0,7854,808,260000
2023-08-28,4400,8562,5425.0,730,499,315,316,4383.0,1415,18.0,0,7866,809,261310
2023-08-29,4414,8579,5450.0,733,500,315,316,4387.0,1419,18.0,0,7909,820,261840
2023-08-30,4423,8596,5476.0,733,500,315,316,4395.0,1419,18.0,0,7953,825,262410
2023-08-31,4436,8604,5507.0,734,500,315,316,4417.0,1445,18.0,0,7976,830,263020
2023-09-01,4459,8613,5530.0,735,500,315,316,4421.0,1445,18.0,0,8009,831,263490
2023-09-02,4471,8637,5560.0,736,501,315,316,4433.0,1447,18.0,0,8043,835,264060
2023-09-03,4476,8649,5582.0,739,502,315,316,4444.0,1447,18.0,0,8102,841,264666
2023-09-04,4480,8663,5611.0,741,503,315,316,4481.0,1447,19.0,0,8149,847,265120
2023-09-05,4489,8670,5649.0,747,504,315,316,4512.0,1447,19.0,0,8175,851,265680
2023-09-06,4497,8682,5685.0,748,505,315,316,4519.0,1447,19.0,0,8190,852,266290
2023-09-07,4506,8703,5722.0,753,506,315,316,4541.0,1455,19.0,0,8217,859,266000
2023-09-08,4529,8726,5753.0,754,507,315,316,4570.0,1455,19.0,0,8264,860,267540
2023-09-09,4544,8739,5789.0,757,508,315,316,4588.0,1455,19.0,0,8298,870,268140
2023-09-10,4554,8755,5811.0,760,509,315,316,4593.0,1455,19.0,0,8338,872,268000
2023-09-11,4560,8767,5839.0,760,512,315,316,4628.0,1455,19.0,0,8370,877,269210
2023-09-12,4568,8778,5872.0,764,515,315,316,4645.0,1455,19.0,0,8413,881,269760
2023-09-13,4584,8792,5902.0,766,517,315,316,4650.0,1455,19.0,0,8444,884,270350
2023-09-14,4599,8810,5944.0,769,517,315,316,4697.0,1455,20.0,1.0,8458,889,270970
2023-09-15,4612,8814,5972.0,774,521,315,316,4714.0,1455,20.0,1.0,8492,889,271440
2023-09-16,4616,8824,5988.0,774,521,315,316,4738.0,1455,20.0,1.0,8525,891,271790
2023-09-17,4620,8828,6003.0,776,523,315,316,4742.0,1455,20.0,1.0,8537,896,272320
2023-09-18,4623,8834,6027.0,776,525,315,316,4769.0,1462,20.0,1.0,8571,901,272940
2023-09-19,4628,8851,6062.0,778,526,315,316,4784.0,1479,20.0,1.0,8601,903,273460
2023-09-20,4635,8868,6096.0,779,526,315,316,4821.0,1479,20.0,1.0,8633,906,273980
2023-09-21,4638,8883,6137.0,781,528,315,316,4850.0,1479,20.0,1.0,8670,911,274470
2023-09-22,4644,8891,6177.0,785,528,315,316,4858.0,1517,20.0,1.0,8690,912,274950
2023-09-23,4655,8912,6210.0,789,530,315,316,4867.0,1518,20.0,1.0,8716,912,275460
2023-09-24,4662,8914,6233.0,789,531,315,316,4888.0,1518,20.0,1.0,8734,914,275855
2023-09-25,4667,8927,6260.0,791,533,315,316,4895.0,1518,20.0,1.0,8746,918,276270
2023-09-26,4672,8946,6299.0,792,533,315,316,4924.0,1529,20.0,1.0,8763,925,276670
2023-09-27,4675,8950,6337.0,792,534,315,316,4948.0,1529,20.0,1.0,8792,927,276000
2023-09-28,4679,8962,6375.0,793,535,315,316,4957.0,1529,20.0,1.0,8815,929,277320
2023-09-29,4687,8972,6409.0,794,536,315,316,4991.0,1529,20.0,1.0,8836,930,277660
2023-09-30,4691,8984,6447.0,796,537,315,316,5006.0,1529,20.0,1.0,8854,932,278130
2023-10-01,4702,8991,6477.0,798,537,315,316,5043.0,1529,20.0,1.0,8883,933,278570
2023-10-02,4717,9000,6525.0,801,540,315,316,5060.0,1529,20.0,1.0,8909,938,279080
2023-10-03,4732,9008,6565.0,801,540,315,316,5080.0,1529,20.0,1.0,8932,943,279440
2023-10-04,4745,9026,6612.0,802,540,315,316,5121.0,1530,20.0,1.0,8962,946,279890
2023-10-05,4757,9052,6643.0,804,540,315,316,5129.0,1530,20.0,1.0,8980,948,280470
2023-10-06,4777,9082,6666.0,806,540,315,316,5158.0,1530,20.0,1.0,9015,951,281090
2023-10-07,4800,9102,6688.0,808,541,315,316,5185.0,1530,20.0,1.0,9073,956,281700
2023-10-08,4821,9123,6705.0,808,542,315,316,5190.0,1530,20.0,1.0,9111,959,282280
2023-10-09,4823,9126,6706.0,808,543,315,316,5190.0,1530,20.0,1.0,9113,959,282630
2023-10-10,4829,9129,6713.0,808,544,315,316,5207.0,1530,20.0,1.0,9125,961,283080
2023-10-11,4863,9220,6731.0,809,545,316,316,5226.0,1530,20.0,1.0,9145,965,283900
2023-10-12,4905,9264,6763.0,811,545,316,316,5247.0,1531,20.0,1.0,9170,966,284890
2023-10-13,4931,9313,6807.0,811,546,316,316,5264.0,1531,20.0,1.0,9203,967,285920
2023-10-14,4940,9337,6833.0,811,547,317,316,5265.0,1531,20.0,1.0,9225,971,286890
2023-10-15,4948,9362,6866.0,813,547,317,316,5269.0,1531,20.0,1.0,9249,976,287770
2023-10-16,4965,9385,6910.0,814,547,318,317,5280.0,1531,20.0,1.0,9271,981,288000
2023-10-17,4979,9405,6936.0,814,547,318,317,5291.0,1533,20.0,1.0,9293,982,289430
2023-10-18,4981,9420,6944.0,814,547,319,323,5301.0,1534,20.0,1.0,9303,982,290000
2023-10-19,4992,9437,6983.0,818,548,320,324,5318.0,1534,20.0,1.0,9337,985,290680
2023-10-20,5047,9557,7012.0,822,548,320,324,5326.0,1535,20.0,1.0,9370,985,292060
2023-10-21,5063,9612,7017.0,822,548,320,324,5330.0,1535,20.0,1.0,9391,990,292850
2023-10-22,5081,9631,7032.0,825,549,320,324,5339.0,1535,20.0,1.0,9404,991,293830
2023-10-23,5093,9653,7057.0,825,551,320,324,5345.0,1536,20.0,1.0,9419,998,294000
2023-10-24,5105,9669,7081.0,828,552,320,324,5363.0,1537,20.0,1.0,9447,1006,295510
2023-10-25,5112,9697,7125.0,833,554,320,324,5372.0,1538,20.0,1.0,9474,1007,296310
2023-10-26,5141,9715,7155.0,834,556,320,324,5389.0,1538,20.0,1.0,9507,1010,297120
2023-10-27,5145,9726,7162.0,834,556,320,324,5390.0,1538,20.0,1.0,9513,1011,297680
2023-10-28,5167,9749,7180.0,834,558,320,324,5399.0,1541,20.0,1.0,9524,1011,298420
2023-10-29,5175,9758,7188.0,834,558,320,324,5399.0,1544,20.0,1.0,9532,1012,299080
2023-10-30,5190,9775,7202.0,834,559,321,324,5419.0,1544,20.0,1.0,9555,1014,299940
2023-10-31,5211,9804,7227.0,844,562,321,324,5440.0,1546,20.0,1.0,9590,1016,300810
2023-11-01,5223,9834,7250.0,846,563,321,324,5468.0,1547,20.0,1.0,9624,1019,301490
2023-11-02,5241,9877,7292.0,850,566,322,324,5488.0,1549,20.0,1.0,9658,1032,302420
2023-11-03,5265,9901,7328.0,854,566,322,324,5495.0,1551,20.0,1.0,9691,1034,303270
2023-11-04,5276,9939,7363.0,861,568,322,324,5534.0,1551,20.0,1.0,9716,1038,304100
2023-11-05,5284,9953,7375.0,867,570,322,324,5534.0,1554,20.0,1.0,9730,1047,305090
2023-11-06,5288,9958,7389.0,867,570,322,324,5554.0,1556,20.0,1.0,9744,1047,305970
2023-11-07,5293,9974,7410.0,869,570,322,324,5557.0,1556,20.0,1.0,9767,1049,306860
2023-11-08,5301,9996,7439.0,872,572,322,324,5567.0,1556,20.0,1.0,9814,1054,307640
2023-11-09,5316,10014,7475.0,875,577,322,324,5593.0,1557,20.0,1.0,9853,1059,308720
2023-11-10,5317,10017,7489.0,877,578,322,324,5595.0,1558,20.0,1.0,9876,1060,309520
2023-11-11,5342,10041,7527.0,879,579,322,324,5620.0,1559,22.0,1.0,9925,1069,310650
2023-11-12,5349,10073,7559.0,881,580,322,324,5632.0,1560,22.0,1.0,9944,1078,311750
2023-11-13,5354,10079,7569.0,881,580,322,324,5634.0,1561,22.0,1.0,9949,1079,312550
2023-11-14,5362,10086,7589.0,882,580,322,324,5649.0,1561,22.0,1.0,9973,1081,313470
2023-11-15,5377,10104,7647.0,884,582,323,324,5675.0,1562,22.0,1.0,10020,1083,314290
2023-11-16,5388,10121,7683.0,892,585,323,324,5689.0,1563,22.0,1.0,10060,1084,315620
2023-11-17,5415,10132,7712.0,895,585,323,324,5709.0,1563,22.0,1.0,10077,1086,316760
2023-11-18,5422,10141,7726.0,896,586,323,324,5726.0,1563,22.0,1.0,10091,1090,317380
2023-11-19,5435,10166,7744.0,898,588,323,324,5755.0,1563,22.0,1.0,10120,1096,318570
2023-11-20,5439,10168,7748.0,899,588,323,324,5764.0,1563,22.0,1.0,10127,1097,319210
2023-11-21,5439,10174,7752.0,899,588,323,324,5771.0,1564,22.0,1.0,10134,1098,319820
2023-11-22,5446,10188,7769.0,899,589,323,324,5784.0,1564,22.0,1.0,10159,1105,320670
2023-11-23,5466,10224,7802.0,902,591,323,324,5799.0,1564,22.0,1.0,10198,1107,321800
2023-11-24,5496,10256,7833.0,904,595,323,324,5800.0,1564,22.0,1.0,10230,1108,322900
2023-11-25,5502,10263,7851.0,905,596,323,324,5808.0,1565,22.0,1.0,10259,1112,323760
2023-11-26,5513,10279,7874.0,907,597,323,324,5901.0,1565,22.0,1.0,10288,1113,324830
2023-11-27,5520,10282,7875.0,907,597,323,324,5905.0,1565,22.0,1.0,10299,1113,325580
2023-11-28,5523,10285,7876.0,907,597,323,324,5905.0,1565,22.0,1.0,10302,1113,326440
2023-11-29,5538,10312,7908.0,910,600,323,324,5944.0,1567,22.0,1.0,10348,1121,327580
2023-11-30,5551,10340,7909.0,910,600,323,324,5954.0,1567,22.0,1.0,10361,1124,328760
2023-12-01,5564,10372,7931.0,912,602,323,324,5976.0,1567,22.0,1.0,10399,1137,330040
2023-12-02,5571,10385,7941.0,913,602,323,324,5994.0,1568,22.0,1.0,10410,1138,331110
2023-12-03,5575,10396,7949.0,913,602,323,324,5995.0,1569,22.0,1.0,10432,1140,332040
2023-12-04,5580,10401,7961.0,913,602,323,324,6017.0,1569,22.0,1.0,10451,1141,332810
2023-12-05,5587,10416,7987.0,913,605,323,324,6032.0,1570,22.0,1.0,10483,1148,333840
2023-12-06,5600,10456,8024.0,919,605,324,324,6083.0,1570,22.0,1.0,10532,1153,335110
2023-12-07,5618,10482,8045.0,919,605,324,324,6116.0,1571,22.0,1.0,10561,1156,336230
2023-12-08,5626,10508,8057.0,919,605,324,324,6136.0,1571,22.0,1.0,10591,1159,337220
2023-12-09,5632,10519,8058.0,919,605,324,324,6136.0,1585,22.0,1.0,10598,1159,338120
2023-12-10,5636,10529,8064.0,919,605,324,324,6136.0,1586,22.0,1.0,10623,1162,338820
2023-12-11,5655,10560,8070.0,919,605,324,324,6154.0,1586,22.0,1.0,10636,1168,339850
2023-12-12,5664,10579,8073.0,919,605,324,324,6163.0,1596,22.0,1.0,10650,1170,340000
2023-12-13,5682,10594,8076.0,919,605,324,324,6173.0,1596,22.0,1.0,10662,1176,341500
2023-12-14,5692,10616,8088.0,920,605,324,324,6206.0,1606,22.0,1.0,10675,1185,342000
2023-12-15,5706,10654,8099.0,920,605,324,324,6226.0,1608,22.0,1.0,10699,1189,343890
2023-12-16,5720,10667,8100.0,920,605,324,324,6238.0,1609,22.0,1.0,10710,1190,344820
2023-12-17,5739,10692,8137.0,923,609,324,324,6278.0,1610,22.0,1.0,10766,1194,346070
2023-12-18,5783,10752,8175.0,926,610,324,324,6290.0,1610,22.0,1.0,10822,1198,347160
2023-12-19,5798,10771,8190.0,926,611,324,324,6299.0,1611,22.0,1.0,10842,1200,348000
2023-12-20,5814,10794,8206.0,928,611,324,324,6316.0,1612,22.0,1.0,10871,1203,349190
2023-12-21,5828,10825,8226.0,932,611,324,324,6342.0,1613,22.0,1.0,10919,1208,350270
2023-12-22,5837,10843,8250.0,932,611,324,324,6365.0,1613,22.0,1.0,10944,1217,351350
2023-12-23,5854,10871,8286.0,932,611,327,324,6384.0,1613,22.0,1.0,10995,1223,352390
2023-12-24,5858,10888,8314.0,932,611,327,324,6404.0,1614,22.0,1.0,11022,1229,353190
2023-12-25,5877,10919,8347.0,934,613,329,324,6436.0,1616,22.0,1.0,11075,1234,353950
2023-12-26,5899,10956,8366.0,934,614,329,324,6458.0,1618,23.0,1.0,11109,1239,354960
2023-12-27,5913,10973,8376.0,934,616,329,324,6471.0,1620,23.0,1.0,11140,1240,355750
2023-12-28,5940,11015,8391.0,935,617,329,324,6503.0,1620,23.0,1.0,11180,1247,356670
2023-12-29,5953,11033,8417.0,938,620,329,324,6539.0,1620,23.0,1.0,11215,1254,357520
2023-12-30,5969,11053,8434.0,939,621,329,324,6554.0,1708,23.0,1.0,11244,1260,358270
2023-12-31,5977,11070,8464.0,943,623,329,324,6591.0,1709,23.0,1.0,11292,1268,359230
2024-01-01,5983,11087,8482.0,943,625,329,324,6657.0,1709,23.0,1.0,11330,1277,360010
2024-01-02,5990,11100,8531.0,945,626,329,324,6710.0,1710,23.0,1.0,11365,1284,360820
2024-01-03,5990,11107,8546.0,945,629,329,324,6748.0,1783,23.0,1.0,11391,1298,361000
2024-01-04,6002,11128,8574.0,947,630,329,324,6753.0,1785,23.0,1.0,11423,1304,362280
2024-01-05,6011,11142,8604.0,949,631,329,324,6771.0,1786,23.0,1.0,11463,1313,363070
2024-01-06,6018,11158,8617.0,950,633,329,324,6787.0,1786,23.0,1.0,11478,1317,363870
2024-01-07,6022,11180,8653.0,951,637,329,324,6811.0,1786,23.0,1.0,11523,1327,364730
2024-01-08,6031,11194,8666.0,953,638,329,324,6822.0,1787,23.0,1.0,11542,1328,365170
2024-01-09,6036,11203,8672.0,954,638,329,324,6823.0,1805,23.0,1.0,11552,1333,365990
2024-01-10,6038,11216,8684.0,956,639,329,324,6834.0,1805,23.0,1.0,11575,1336,366790
2024-01-11,6050,11238,8699.0,957,641,329,324,6834.0,1806,23.0,1.0,11596,1337,367620
2024-01-12,6060,11254,8710.0,957,642,329,324,6836.0,1806,23.0,1.0,11612,1339,368460
2024-01-13,6065,11269,8728.0,957,646,329,324,6848.0,1806,23.0,1.0,11632,1345,369160
2024-01-14,6075,11302,8747.0,957,648,329,324,6861.0,1814,23.0,1.0,11667,1353,370000
2024-01-15,6089,11322,8771.0,958,650,329,324,6865.0,1815,23.0,1.0,11698,1356,370980
2024-01-16,6113,11358,8801.0,961,653,331,324,6877.0,1816,23.0,1.0,11731,1365,372090
2024-01-17,6126,11372,8811.0,964,653,331,324,6884.0,1817,23.0,1.0,11755,1367,370000
2024-01-18,6147,11410,8835.0,966,653,331,324,6925.0,1818,23.0,1.0,11794,1380,373600
2024-01-19,6167,11445,8854.0,966,654,331,324,6929.0,1818,23.0,1.0,11831,1384,374520
2024-01-20,6171,11455,8868.0,967,654,331,324,6934.0,1818,23.0,1.0,11848,1389,375270
2024-01-21,6181,11466,8875.0,968,655,331,324,6936.0,1818,23.0,1.0,11862,1392,376030
2024-01-22,6192,11489,8896.0,968,657,331,324,6961.0,1819,23.0,1.0,11891,1397,376860
2024-01-23,6214,11548,8947.0,970,657,331,324,6961.0,1820,23.0,1.0,11956,1409,377820
2024-01-24,6227,11579,9008.0,971,659,331,324,6998.0,1842,23.0,1.0,12005,1416,378660
2024-01-25,6257,11621,9067.0,972,660,331,324,7033.0,1844,23.0,1.0,12044,1420,379610
2024-01-26,6265,11637,9082.0,972,660,331,324,7033.0,1845,23.0,1.0,12064,1425,380600
2024-01-27,6271,11652,9085.0,972,660,331,324,7037.0,1845,23.0,1.0,12072,1433,381370
2024-01-28,6280,11671,9097.0,972,660,331,324,7041.0,1845,23.0,1.0,12103,1436,382110
2024-01-29,6290,11696,9113.0,972,660,331,324,7049.0,1846,23.0,1.0,12149,1443,383180
2024-01-30,6300,11725,9144.0,972,663,332,324,7084.0,1846,23.0,1.0,12191,1448,384140
2024-01-31,6310,11757,9195.0,974,663,332,324,7100.0,1846,23.0,1.0,12231,1452,385230
2024-02-01,6322,11773,9228.0,976,663,332,324,7136.0,1847,23.0,1.0,12267,1462,386230
2024-02-02,6331,11792,9274.0,978,663,332,324,7146.0,1847,24.0,1.0,12316,1470,387060
2024-02-03,6341,11805,9300.0,979,663,332,324,7161.0,1847,24.0,1.0,12352,1473,387940
2024-02-04,6343,11818,9331.0,979,663,332,324,7173.0,1848,24.0,1.0,12393,1479,388750
2024-02-05,6348,11822,9349.0,979,664,332,324,7173.0,1848,24.0,1.0,12412,1486,389560
2024-02-06,6365,11857,9367.0,979,665,332,324,7173.0,1848,24.0,1.0,12453,1496,390580
2024-02-07,6372,11879,9387.0,980,665,332,324,7177.0,1849,24.0,1.0,12486,1497,391470
2024-02-08,6383,11899,9411.0,980,666,332,325,7191.0,1880,24.0,1.0,12513,1505,392380
2024-02-09,6385,11921,9435.0,981,666,332,325,7209.0,1881,24.0,1.0,12551,1509,393290
2024-02-10,6394,11942,9459.0,981,666,332,325,7235.0,1881,24.0,1.0,12579,1512,394270
2024-02-11,6406,11956,9475.0,981,666,332,325,7257.0,1881,24.0,1.0,12592,1513,395000
2024-02-12,6416,11977,9481.0,981,666,332,325,7302.0,1882,24.0,1.0,12599,1514,395990
2024-02-13,6424,12004,9500.0,981,667,332,325,7332.0,1882,24.0,1.0,12623,1518,397080
2024-02-14,6433,12043,9566.0,984,671,332,325,7371.0,1882,24.0,1.0,12662,1523,398140
2024-02-15,6442,12090,9620.0,984,671,332,325,7404.0,1882,25.0,1.0,12691,1524,399090
2024-02-16,6465,12129,9641.0,984,671,332,325,7408.0,1895,25.0,1.0,12716,1528,400300
2024-02-17,6476,12145,9669.0,984,671,332,325,7413.0,1896,25.0,1.0,12734,1533,401350
2024-02-18,6487,12198,9709.0,984,674,335,325,7449.0,1898,25.0,1.0,12736,1540,402430
2024-02-19,6498,12232,9733.0,986,674,336,325,7460.0,1898,25.0,1.0,12767,1545,403720
2024-02-20,6503,12268,9773.0,988,675,338,325,7521.0,1902,25.0,1.0,12805,1551,404950
2024-02-21,6516,12338,9826.0,992,678,338,325,7560.0,1903,25.0,1.0,12861,1558,406080
2024-02-22,6523,12373,9867.0,997,680,339,325,7596.0,1903,25.0,1.0,12924,1566,407240
2024-02-23,6526,12410,9916.0,999,682,339,325,7628.0,1903,25.0,1.0,12960,1575,408240
2024-02-24,6534,12425,9952.0,999,684,340,325,7659.0,1905,25.0,1.0,12988,1576,409010
2024-02-25,6542,12441,9981.0,999,684,340,325,7681.0,1907,25.0,1.0,13011,1578,409820
2024-02-26,6555,12478,9993.0,1000,686,340,325,7707.0,1910,25.0,1.0,13037,1580,410700
2024-02-27,6556,12494,10009.0,1000,686,340,325,7729.0,1912,25.0,1.0,13065,1588,411550
2024-02-28,6570,12508,10029.0,1000,688,342,325,7753.0,1912,25.0,1.0,13112,1594,412610
2024-02-29,6593,12552,10070.0,1000,690,342,325,7768.0,1912,25.0,1.0,13152,1601,413760
2024-03-01,6610,12582,10106.0,1000,691,345,325,7794.0,1912,25.0,1.0,13206,1611,414680
2024-03-02,6624,12611,10153.0,1003,696,346,325,7829.0,1915,25.0,1.0,13267,1617,415640
2024-03-03,6640,12639,10188.0,1003,696,347,325,7843.0,1915,25.0,1.0,13332,1620,416800
2024-03-04,6648,12660,10210.0,1004,698,347,325,7845.0,1916,25.0,1.0,13374,1621,417950
2024-03-05,6657,12688,10258.0,1007,700,347,325,7863.0,1917,25.0,1.0,13423,1630,419020
2024-03-06,6678,12728,10308.0,1008,701,347,325,7921.0,1918,26.0,1.0,13479,1642,420270
2024-03-07,6695,12779,10350.0,1009,701,347,325,7963.0,1919,26.0,1.0,13532,1647,421430
2024-03-08,6706,12798,10375.0,1011,704,347,325,7998.0,1919,26.0,1.0,13598,1656,422310
2024-03-09,6712,12823,10428.0,1012,707,347,325,8041.0,1919,26.0,1.0,13683,1666,423160
2024-03-10,6731,12850,10466.0,1015,709,347,325,8082.0,1919,26.0,1.0,13752,1672,424060
2024-03-11,6739,12874,10499.0,1016,711,347,325,8141.0,1919,26.0,1.0,13826,1686,424980
2024-03-12,6747,12901,10522.0,1016,713,347,325,8183.0,1919,26.0,1.0,13870,1691,425890
2024-03-13,6752,12921,10554.0,1017,715,347,325,8205.0,1919,26.0,1.0,13932,1699,426870
2024-03-14,6757,12938,10565.0,1017,717,347,325,8220.0,1920,26.0,1.0,13959,1708,427840
2024-03-15,6758,12949,10580.0,1017,717,347,325,8254.0,1920,26.0,1.0,13993,1711,428420
2024-03-16,6779,12973,10606.0,1017,719,347,325,8268.0,1922,26.0,1.0,14024,1712,429580
2024-03-17,6790,12997,10634.0,1017,720,347,325,8272.0,1922,26.0,1.0,14073,1723,428580
2024-03-18,6809,13014,10668.0,1017,720,347,325,8308.0,1922,26.0,1.0,14141,1731,431550
2024-03-19,6819,13049,10698.0,1017,721,347,325,8318.0,1922,26.0,1.0,14191,1735,432390
2024-03-20,6828,13058,10714.0,1017,721,347,325,8355.0,1922,26.0,1.0,14198,1738,431390
2024-03-21,6832,13074,10740.0,1018,721,347,325,8365.0,1922,26.0,1.0,14242,1741,433840
2024-03-22,6840,13111,10775.0,1018,723,347,325,8388.0,1953,26.0,1.0,14287,1749,434710
2024-03-23,6852,13130,10811.0,1018,723,347,325,8463.0,1992,26.0,1.0,14344,1768,435760
2024-03-24,6876,13158,10855.0,1018,723,347,325,8510.0,1992,26.0,1.0,14407,1778,436750
2024-03-25,6887,13183,10877.0,1018,726,347,325,8539.0,2010,26.0,1.0,14454,1785,437390
2024-03-26,6893,13207,10904.0,1019,727,347,325,8553.0,2014,26.0,1.0,14498,1789,438160
2024-03-27,6904,13216,10931.0,1019,728,347,325,8578.0,2015,26.0,1.0,14539,1794,439190
2024-03-28,6914,13237,10963.0,1021,729,347,325,8600.0,2017,26.0,1.0,14595,1800,439970
2024-03-29,6922,13264,10991.0,1023,735,347,325,8656.0,2022,26.0,1.0,14645,1807,440790
2024-03-30,6951,13284,11006.0,1023,736,347,325,8701.0,2046,26.0,1.0,14670,1814,441520
2024-03-31,6966,13304,11050.0,1023,743,347,325,8731.0,2048,26.0,1.0,14717,1823,442170
2024-04-01,6986,13321,11082.0,1023,744,347,325,8757.0,2057,26.0,1.0,14752,1826,442880
2024-04-02,6998,13350,11112.0,1023,744,347,325,8779.0,2058,26.0,1.0,14783,1832,443660
2024-04-03,7009,13368,11142.0,1025,745,347,325,8796.0,2059,26.0,1.0,14813,1838,444370
2024-04-04,7018,13386,11171.0,1026,746,347,325,8817.0,2059,26.0,1.0,14861,1845,445040
2024-04-05,7033,13459,11221.0,1029,747,347,325,8847.0,2059,26.0,1.0,14922,1849,445900
2024-04-06,7057,13497,11262.0,1032,749,347,325,8895.0,2060,26.0,1.0,14992,1854,446690
2024-04-07,7074,13551,11316.0,1036,749,347,325,8956.0,2064,26.0,1.0,15071,1864,447510
2024-04-08,7087,13575,11356.0,1039,751,347,325,8996.0,2065,26.0,1.0,15110,1867,448400
2024-04-09,7110,13620,11386.0,1039,753,347,325,9033.0,2065,26.0,1.0,15181,1868,449250
2024-04-10,7132,13667,11404.0,1040,753,347,325,9070.0,2067,26.0,1.0,15248,1876,450080
2024-04-11,7137,13679,11452.0,1040,754,347,325,9104.0,2069,26.0,1.0,15298,1882,450890
2024-04-12,7146,13698,11486.0,1042,755,347,325,9161.0,2087,26.0,1.0,15339,1888,451730
2024-04-13,7169,13745,11518.0,1045,756,347,325,9201.0,2088,26.0,1.0,15396,1893,452760
2024-04-14,7174,13765,11552.0,1046,758,347,325,9235.0,2089,26.0,1.0,15459,1905,453650
2024-04-15,7180,13796,11593.0,1046,758,347,325,9266.0,2092,26.0,1.0,15510,1908,454420
2024-04-16,7189,13809,11609.0,1046,759,347,325,9277.0,2092,26.0,1.0,15563,1908,455340
2024-04-17,7193,13827,11624.0,1046,760,347,325,9279.0,2093,26.0,1.0,15587,1910,456050
2024-04-18,7196,13835,11637.0,1046,760,347,325,9284.0,2093,26.0,1.0,15618,1915,456960
2024-04-19,7205,13852,11658.0,1046,762,347,325,9311.0,2096,26.0,1.0,15671,1915,457830
2024-04-20,7213,13873,11678.0,1046,763,348,325,9341.0,2109,26.0,1.0,15717,1918,458580
2024-04-21,7229,13896,11719.0,1046,767,348,325,9379.0,2115,26.0,1.0,15785,1926,459530
2024-04-22,7236,13904,11736.0,1046,768,348,325,9384.0,2117,26.0,1.0,15812,1934,460260
2024-04-23,7241,13916,11765.0,1046,769,348,325,9407.0,2117,26.0,1.0,15845,1936,461060
2024-04-24,7242,13928,11808.0,1048,771,348,325,9439.0,2117,26.0,1.0,15892,1944,461940