Date,tanks,artillery_systems,combined_aircraft,personnel,cars_and_tank_trucks,air_defense_equipment,special_equipment,Russia_Tanks,Russia_Artillery,Russia_Aircraft,Russia_Infantry,Russia_Vehicles,Russia_Antiair,Russia_Engineering
2022-02-24,0,0.0,13,800,0,0,0,1,0,4,3,9,1,3
2022-02-25,0,0.0,17,2800,0,0,0,2,4,5,9,19,2,3
2022-02-27,150,50.0,53,4500,0,1,0,9,4,6,32,66,4,12
2022-02-28,191,74.0,58,5300,291,1,0,41,9,7,77,108,15,16
2022-03-01,198,77.0,58,5710,305,8,0,44,10,9,84,117,16,17
2022-03-02,271,85.0,61,5840,355,9,0,55,16,12,110,162,20,23
2022-03-03,277,90.0,61,9000,374,11,0,65,21,12,123,177,20,24
2022-03-04,311,105.0,74,9166,404,18,0,91,24,15,138,204,25,26
2022-03-05,329,105.0,79,10000,409,19,0,106,24,22,175,224,27,33
2022-03-06,345,109.0,92,11000,447,21,0,119,42,22,199,255,29,35
2022-03-07,350,117.0,114,11000,454,23,0,136,44,24,212,261,31,36
2022-03-08,363,120.0,128,12000,474,27,0,151,47,24,224,296,32,37
2022-03-09,377,120.0,130,12000,482,28,0,156,49,24,229,298,32,37
2022-03-10,395,123.0,130,12000,526,29,0,166,51,27,242,302,36,36
2022-03-11,413,125.0,140,12000,558,31,0,190,53,29,263,334,38,36
2022-03-12,422,135.0,141,12000,585,33,0,193,55,32,270,343,40,37
2022-03-13,434,140.0,160,12000,600,34,0,198,55,33,272,346,40,38
2022-03-14,449,150.0,167,12000,617,34,0,209,57,35,286,407,40,41
2022-03-15,464,150.0,176,13000,640,36,0,217,62,36,299,414,42,41
2022-03-16,490,190.0,192,13000,819,43,10,229,63,53,307,420,42,41
2022-03-17,504,201.0,194,14000,864,43,10,237,67,53,330,482,43,43
2022-03-18,510,205.0,205,14000,879,43,11,244,70,56,347,499,46,43
2022-03-19,526,213.0,210,14000,914,44,11,251,71,57,354,520,46,43
2022-03-20,536,230.0,214,14000,947,44,12,263,75,61,369,544,50,44
2022-03-21,558,240.0,218,15000,969,45,13,263,76,62,370,544,50,44
2022-03-22,579,252.0,222,15000,1000,45,15,270,86,63,380,547,50,46
2022-03-23,587,267.0,225,15000,1008,47,15,277,88,66,387,567,51,46
2022-03-24,602,280.0,232,15000,1033,47,16,280,95,66,390,579,51,47
2022-03-25,633,291.0,240,16000,1089,49,18,295,97,67,418,587,51,52
2022-03-26,648,293.0,244,16000,1131,51,21,298,100,67,428,592,51,55
2022-03-27,655,294.0,248,16000,1144,52,25,310,104,68,443,629,52,60
2022-03-28,659,302.0,250,17000,1150,54,25,318,104,68,450,640,52,61
2022-03-29,670,303.0,256,17000,1178,54,25,340,106,70,468,650,52,64
2022-03-30,680,305.0,262,17000,1184,54,25,347,112,71,475,650,53,65
2022-03-31,689,311.0,266,17000,1201,54,26,352,112,70,497,652,54,67
2022-04-01,701,316.0,274,17000,1220,54,28,388,115,74,527,667,56,70
2022-04-02,707,317.0,277,17000,1236,54,28,391,116,74,528,667,56,70
2022-04-03,720,325.0,277,18000,1249,54,28,410,126,78,557,694,57,73
2022-04-04,723,330.0,281,18000,1273,54,29,425,131,79,574,698,62,77
2022-04-05,752,332.0,284,18000,1322,55,29,427,132,74,610,714,63,80
2022-04-06,760,332.0,285,18000,1324,55,29,452,138,74,623,728,70,86
2022-04-07,774,332.0,285,18000,1358,55,29,448,138,74,636,750,73,86
2022-04-08,776,333.0,285,19000,1361,55,29,449,139,76,638,751,73,87
2022-04-09,781,335.0,287,19000,1363,55,29,456,146,78,670,779,73,92
2022-04-10,798,342.0,289,19000,1384,55,29,467,149,79,675,787,74,99
2022-04-11,801,347.0,291,19000,1387,55,29,476,151,80,684,787,74,101
2022-04-12,808,349.0,297,19000,1406,63,29,488,152,80,689,789,75,102
2022-04-13,815,358.0,301,19000,1429,64,29,505,154,81,708,823,76,105
2022-04-14,829,366.0,304,19000,1437,64,29,507,156,84,708,826,76,105
2022-04-15,832,366.0,307,20000,1443,66,29,507,156,86,708,826,76,105
2022-04-16,838,371.0,308,20100,1458,66,30,505,156,86,711,827,76,106
2022-04-17,849,376.0,311,20000,1471,66,31,510,157,89,713,832,76,108
2022-04-18,866,381.0,314,20000,1487,67,31,519,157,91,727,834,76,109
2022-04-19,878,386.0,319,20000,1495,67,31,519,157,94,729,834,76,109
2022-04-20,891,391.0,321,20000,1504,67,31,525,157,96,753,841,77,110
2022-04-21,905,393.0,323,21000,1508,67,31,531,157,102,757,856,77,111
2022-04-22,914,397.0,329,21200,1523,69,31,531,157,102,757,856,77,111
2022-04-23,930,403.0,331,21600,1543,69,31,543,160,105,777,857,77,114
2022-04-24,949,408.0,333,21800,1557,69,32,551,161,105,792,857,77,114
2022-04-25,960,411.0,335,21900,1566,69,32,562,162,106,813,861,77,118
2022-04-26,994,416.0,338,22000,1643,69,35,571,162,110,816,862,77,118
2022-04-27,1015,421.0,340,22000,1666,71,35,579,162,111,823,867,77,118
2022-04-28,1046,431.0,342,22000,1688,72,35,584,162,113,825,867,77,119
2022-04-29,1062,435.0,344,23000,1695,73,35,587,162,113,826,870,78,119
2022-04-30,1084,436.0,345,23000,1701,77,36,595,165,114,852,878,79,121
2022-05-01,1026,451.0,347,23000,1796,80,32,606,165,114,855,878,79,121
2022-05-02,1048,459.0,349,23000,1824,80,38,600,167,115,859,884,80,121
2022-05-03,1062,475.0,349,24000,1843,80,38,600,167,119,870,894,81,122
2022-05-04,1077,491.0,349,24000,1867,81,38,605,168,121,877,907,81,123
2022-05-05,1092,499.0,351,24000,1907,83,38,608,168,123,885,915,81,123
2022-05-06,1110,502.0,354,24900,1926,83,38,625,168,117,896,916,82,123
2022-05-07,1122,509.0,354,25000,1934,84,38,623,169,117,896,918,83,122
2022-05-08,1130,509.0,355,25000,1961,86,39,633,173,121,905,919,83,129
2022-05-09,1145,513.0,357,25650,1970,87,41,641,174,122,918,942,84,133
2022-05-09,2068,1157.0,442,49800,3286,156,107,641,174,122,918,942,84,133
2022-05-10,1170,519.0,357,26000,1980,87,41,645,175,123,920,942,84,133
2022-05-11,1187,528.0,359,26350,1997,87,41,662,179,125,921,948,84,133
2022-05-12,1195,534.0,360,26650,2019,87,41,662,179,125,921,948,84,133
2022-05-13,1205,542.0,362,26000,2042,88,41,668,182,128,932,955,84,134
2022-05-14,1218,551.0,363,27000,2059,88,42,669,182,128,938,957,84,136
2022-05-15,1220,555.0,364,27000,2087,89,42,669,182,128,938,957,84,136
2022-05-16,1228,577.0,365,27000,2101,89,42,669,182,128,938,957,84,136
2022-05-17,1235,578.0,368,27000,2109,90,43,669,182,128,938,957,84,136
2022-05-18,1251,586.0,369,28000,2137,91,43,669,182,128,938,957,84,136
2022-05-19,1254,595.0,370,28000,2157,93,43,671,182,128,942,957,84,136
2022-05-20,1263,596.0,372,28000,2162,93,43,682,182,131,947,958,87,136
2022-05-21,1278,596.0,373,28850,2178,93,43,685,184,133,955,960,88,136
2022-05-22,1285,599.0,374,29050,2194,93,43,691,187,142,973,971,88,136
2022-05-23,1293,604.0,374,29000,2206,93,43,694,187,143,975,1075,88,136
2022-05-24,1302,606.0,375,29350,2213,93,43,696,187,143,983,1177,88,138
2022-05-25,1305,606.0,376,29450,2218,93,44,718,187,145,1014,1177,88,143
2022-05-26,1315,617.0,376,29600,2225,93,47,733,187,148,1023,1182,88,156
2022-05-27,1322,623.0,376,29750,2226,93,48,734,187,149,1026,1184,89,156
2022-05-28,1330,628.0,381,30000,2226,93,48,736,189,151,1028,1185,88,159
2022-05-29,1338,631.0,381,30150,2240,93,48,738,190,151,1031,1184,88,159
2022-05-30,1349,643.0,381,30000,2258,93,48,741,190,147,1040,1185,88,159
2022-05-31,1358,649.0,382,30000,2275,93,48,742,190,148,1041,1186,88,159
2022-06-01,1361,659.0,383,30000,2290,94,49,747,190,149,1047,1187,88,159
2022-06-02,1363,661.0,385,30850,2325,95,51,749,190,153,1047,1187,88,159
2022-06-03,1367,675.0,385,30950,2329,95,51,751,190,153,1047,1187,88,159
2022-06-04,1376,680.0,385,31050,2337,95,52,761,191,154,1051,1189,88,159
2022-06-05,1381,686.0,385,31000,2360,95,53,759,191,155,1050,1190,88,159
2022-06-06,1386,690.0,387,31000,2395,96,53,761,190,155,1057,1191,88,159
2022-06-07,1390,694.0,389,31360,2405,96,53,761,190,156,1059,1194,88,159
2022-06-08,1393,703.0,390,31000,2406,96,53,760,191,157,1067,1200,88,158
2022-06-09,1398,711.0,390,31000,2421,96,53,762,191,157,1063,1202,88,158
2022-06-10,1409,712.0,390,31000,2438,97,54,766,192,159,1069,1212,88,157
2022-06-11,1419,712.0,390,32050,2448,97,54,767,193,159,1070,1215,88,157
2022-06-12,1430,715.0,390,32150,2455,97,54,774,194,160,1072,1226,88,157
2022-06-13,1432,718.0,391,32000,2460,97,54,774,194,161,1075,1226,88,157
2022-06-14,1434,721.0,392,32000,2473,97,54,774,194,161,1077,1226,88,157
2022-06-15,1440,722.0,392,32750,2485,97,55,774,194,161,1077,1226,88,157
2022-06-16,1449,729.0,392,32950,2494,97,55,781,194,166,1078,1200,88,157
2022-06-17,1456,734.0,395,33150,2496,97,55,781,194,166,1078,1200,88,157
2022-06-18,1465,739.0,396,33000,2513,98,55,762,195,167,1078,1181,88,168
2022-06-19,1468,745.0,397,33000,2523,98,55,767,199,169,1090,1183,88,166
2022-06-20,1477,749.0,397,33000,2527,98,55,767,199,169,1090,1183,88,166
2022-06-21,1496,752.0,397,34100,2537,98,59,770,199,172,1098,1184,88,166
2022-06-22,1496,752.0,398,34230,2543,99,60,770,199,172,1098,1184,88,166
2022-06-23,1504,756.0,399,34430,2548,99,60,770,199,172,1098,1184,88,166
2022-06-24,1507,759.0,399,34530,2553,99,60,770,199,172,1098,1184,88,166
2022-06-25,1511,764.0,401,34000,2560,99,60,770,199,172,1098,1184,88,166
2022-06-26,1532,764.0,401,34850,2564,99,60,770,199,172,1098,1191,88,167
2022-06-27,1552,771.0,401,35000,2575,101,60,770,199,172,1098,1197,88,167
2022-06-28,1567,778.0,402,35000,2589,102,61,804,204,175,1116,1202,88,169
2022-06-29,1572,781.0,402,35450,2598,103,61,808,210,175,1145,1194,88,171
2022-06-30,1573,790.0,402,35000,2602,104,61,808,210,175,1142,1194,88,171
2022-07-01,1577,796.0,403,35000,2610,105,61,808,210,175,1142,1194,88,171
2022-07-02,1582,800.0,403,35870,2614,105,61,821,211,176,1153,1209,88,172
2022-07-03,1584,801.0,404,35970,2618,105,64,824,210,176,1151,1209,88,172
2022-07-04,1589,804.0,404,36000,2629,105,65,831,210,178,1150,1211,90,172
2022-07-05,1594,806.0,404,36350,2634,105,65,834,210,179,1155,1214,90,172
2022-07-06,1600,812.0,404,36000,2648,107,65,836,210,178,1155,1217,90,172
2022-07-07,1602,815.0,404,36650,2665,107,66,848,210,178,1139,1217,90,172
2022-07-08,1637,828.0,404,36900,2685,107,66,853,210,178,1146,1228,91,172
2022-09-07,1638,832.0,404,37000,2687,108,66,1023,264,226,1382,1472,102,186
2022-09-07,2097,1194.0,445,50610,3320,156,109,1023,264,226,1382,1472,102,186
2022-07-10,1641,834.0,405,37000,2694,108,66,862,211,178,1149,1232,91,173
2022-07-12,1649,838.0,405,37470,2699,109,66,869,214,179,1156,1237,91,173
2022-07-13,1649,839.0,405,37570,2704,109,67,868,215,179,1159,1238,91,173
2022-07-14,1667,840.0,407,37870,2720,109,67,869,215,180,1163,1247,91,173
2022-07-15,1672,842.0,408,38000,2731,109,67,873,216,180,1163,1254,91,173
2022-07-16,1677,846.0,408,38140,2735,109,68,876,217,180,1165,1255,91,173
2022-07-17,1684,846.0,408,38000,2746,110,68,882,217,180,1163,1259,91,173
2022-07-18,1687,849.0,408,38450,2753,113,70,867,219,181,1188,1259,91,173
2022-07-19,1691,851.0,408,38550,2767,113,70,871,220,184,1191,1254,92,175
2022-07-20,1700,856.0,409,38000,2775,113,70,874,222,184,1195,1254,92,176
2022-07-21,1704,859.0,409,38850,2781,113,72,873,225,184,1195,1254,92,176
2022-07-22,1704,863.0,409,39000,2803,113,72,873,225,184,1195,1254,92,176
2022-07-23,1708,864.0,409,39240,2820,113,72,882,225,184,1202,1258,92,176
2022-07-24,1722,869.0,409,39520,2823,113,73,885,228,186,1209,1262,94,174
2022-07-25,1730,876.0,410,39700,2832,116,73,887,229,186,1207,1265,94,175
2022-07-26,1737,880.0,411,39870,2835,117,75,892,229,186,1211,1264,94,176
2022-07-27,1738,883.0,412,40070,2847,117,75,898,231,186,1229,1365,94,179
2022-07-28,1742,894.0,412,40230,2854,117,75,900,231,187,1232,1365,94,179
2022-07-29,1749,900.0,412,40000,2870,117,77,903,231,188,1234,1369,94,179
2022-07-30,1759,906.0,412,40670,2889,117,78,910,231,188,1236,1371,94,179
2022-07-31,1763,916.0,413,40830,2902,117,80,916,233,189,1238,1376,95,179
2022-08-01,1768,932.0,413,41030,2912,117,82,920,235,189,1241,1377,95,179
2022-08-02,1768,936.0,414,41170,2914,117,82,923,235,189,1245,1378,96,179
2022-08-03,1774,939.0,414,41350,2922,118,83,925,237,189,1250,1379,96,180
2022-08-04,1789,946.0,414,41000,2960,118,83,925,237,189,1253,1381,96,180
2022-08-05,1792,950.0,414,41650,2964,123,83,926,237,189,1257,1383,96,180
2022-08-06,1802,955.0,414,41900,2970,127,85,929,237,191,1260,1385,96,180
2022-08-07,1805,958.0,414,42200,2978,132,86,931,237,191,1266,1387,96,180
2022-08-08,1811,960.0,415,42340,2993,132,86,930,237,191,1273,1388,97,180
2022-09-08,1817,964.0,416,42640,2998,133,87,1029,267,226,1404,1482,102,187
2022-09-08,2112,1226.0,449,51250,3344,159,110,1029,267,226,1404,1482,102,187
2022-08-10,1832,971.0,425,42000,3005,133,89,936,237,203,1271,1396,98,179
2022-08-12,1849,975.0,426,43000,3021,136,90,940,238,204,1280,1402,98,179
2022-08-13,1856,978.0,426,43000,3036,136,91,942,238,209,1283,1391,98,179
2022-08-14,1864,980.0,427,43550,3039,136,91,946,240,209,1284,1383,98,179
2022-08-15,1876,985.0,428,43750,3044,136,92,952,240,211,1286,1384,98,179
2022-08-16,1880,989.0,429,43900,3049,136,92,955,240,212,1286,1385,98,179
2022-08-17,1886,993.0,429,44000,3054,136,93,961,240,212,1286,1387,98,179
2022-08-18,1889,1010.0,431,44000,3061,136,93,964,241,212,1287,1389,98,179
2022-08-19,1899,1016.0,431,44000,3130,141,94,969,241,213,1290,1389,98,180
2022-08-20,1907,1018.0,431,44000,3137,141,97,970,241,213,1292,1389,99,180
2022-08-21,1912,1028.0,431,45000,3143,141,99,968,241,213,1304,1389,99,180
2022-08-22,1919,1032.0,432,45000,3149,145,99,970,248,218,1316,1437,98,183
2022-08-23,1921,1033.0,432,45550,3150,146,99,970,249,218,1316,1445,98,184
2022-08-24,1924,1036.0,433,45000,3160,147,99,972,249,218,1305,1445,98,184
2022-08-25,1929,1037.0,436,45850,3160,148,99,978,251,219,1310,1445,98,184
2022-08-26,1936,1040.0,436,46250,3162,148,99,978,251,219,1310,1445,98,184
2022-08-27,1939,1045.0,436,46500,3165,148,99,980,250,219,1316,1444,98,184
2022-08-28,1942,1050.0,436,46000,3171,148,99,989,250,221,1320,1447,98,184
2022-08-29,1947,1060.0,437,47000,3188,149,101,988,251,221,1320,1448,98,184
2022-09-02,2009,1126.0,439,48000,3247,153,105,998,254,223,1336,1455,98,185
2022-09-03,2034,1134.0,440,49050,3268,153,105,1004,254,224,1345,1457,99,185
2022-09-04,2049,1147.0,442,49000,3276,156,106,1008,255,225,1349,1458,99,185
2022-09-06,2077,1179.0,443,50150,3305,156,109,1012,256,225,1358,1461,102,185
2022-09-09,2122,1237.0,450,51000,3399,159,114,1037,269,225,1415,1496,104,187
2022-09-10,2136,1259.0,451,52250,3426,162,116,1049,275,226,1434,1513,105,190
2022-09-12,2168,1269.0,456,52950,3463,162,117,1087,291,230,1489,1547,105,199
2022-09-13,2175,1279.0,457,53300,3469,165,117,1112,295,231,1512,1557,105,200
2022-09-14,2180,1290.0,461,53650,3501,167,120,1122,300,231,1542,1566,105,201
2022-09-15,2193,1295.0,465,53850,3522,167,120,1130,303,231,1555,1571,105,203
2022-09-16,2199,1302.0,466,54050,3550,168,121,1128,303,231,1555,1572,105,203
2022-09-17,2202,1306.0,467,54250,3571,168,121,1135,307,232,1565,1607,105,204
2022-09-18,2210,1309.0,468,54480,3578,168,122,1147,310,232,1569,1611,105,204
2022-09-19,2212,1313.0,468,54650,3581,168,125,1156,307,233,1569,1611,105,204
2022-09-20,2216,1323.0,469,54810,3587,168,125,1157,308,233,1569,1611,105,204
2022-09-21,2227,1340.0,470,55110,3610,168,125,1176,313,233,1584,1654,105,205
2022-09-22,2236,1341.0,471,55510,3630,169,125,1183,314,234,1597,1658,105,206
2022-09-23,2254,1355.0,473,56060,3659,170,126,1186,317,237,1602,1670,105,207
2022-09-24,2262,1361.0,475,56000,3681,170,126,1188,316,239,1609,1675,107,208
2022-09-25,2275,1368.0,479,56700,3701,171,130,1192,317,239,1610,1675,107,208
2022-09-26,2290,1369.0,484,57200,3711,172,131,1180,317,239,1613,1676,107,209
2022-09-27,2306,1378.0,485,57750,3730,175,131,1187,322,239,1617,1686,109,211
2022-09-28,2312,1381.0,486,58000,3742,175,131,1190,323,240,1631,1698,109,212
2022-09-29,2325,1385.0,486,58580,3751,175,131,1211,326,241,1681,1712,109,214
2022-09-30,2338,1391.0,489,59080,3768,176,131,1224,328,241,1696,1715,109,216
2022-10-01,2354,1397.0,490,59610,3786,176,131,1232,328,243,1709,1726,109,217
2022-10-02,2377,1405.0,491,60110,3796,176,131,1241,329,245,1723,1731,109,219
2022-10-03,2380,1405.0,493,60430,3811,176,131,1248,330,247,1729,1742,109,220
2022-10-04,2424,1407.0,494,60000,3823,177,131,1262,330,248,1741,1750,109,220
2022-10-05,2435,1414.0,498,61000,3841,177,132,1280,332,248,1756,1755,109,221
2022-10-06,2449,1424.0,498,61330,3854,177,134,1292,335,248,1764,1761,109,221
2022-10-07,2466,1455.0,499,61680,3862,177,135,1298,338,249,1773,1768,109,222
2022-10-08,2472,1459.0,500,62060,3875,180,136,1300,341,250,1790,1773,110,222
2022-10-09,2486,1477.0,501,62000,3890,180,136,1312,345,252,1806,1783,111,223
2022-10-10,2495,1486.0,502,62870,3908,181,136,1311,345,252,1805,1781,111,223
2022-10-11,2504,1496.0,503,63110,3916,181,136,1324,350,253,1822,1796,111,223
2022-10-12,2505,1539.0,503,63380,3926,183,140,1329,353,253,1831,1802,112,223
2022-10-13,2511,1556.0,508,63000,3935,183,140,1329,353,253,1830,1802,112,223
2022-10-14,2521,1566.0,508,64000,3944,186,142,1337,359,253,1845,1810,112,223
2022-10-15,2524,1582.0,510,64700,3951,186,142,1342,360,253,1855,1813,112,223
2022-10-16,2529,1589.0,510,65000,3959,186,143,1347,360,253,1857,1815,112,223
2022-10-17,2537,1599.0,510,65320,3969,187,144,1393,370,254,1967,1882,114,231
2022-10-18,2548,1622.0,510,65850,3985,188,144,1400,376,254,1974,1886,114,232
2022-10-19,2554,1637.0,511,66280,3999,189,146,1393,378,256,1979,1889,114,232
2022-10-20,2567,1646.0,512,66650,4005,189,147,1398,379,257,1986,1891,114,234
2022-10-21,2573,1648.0,512,66750,4006,189,147,1399,379,257,1991,1893,114,234
2022-10-22,2579,1653.0,513,67070,4021,189,148,1401,381,257,1998,1894,114,235
2022-10-23,2584,1667.0,515,67470,4039,189,148,1407,381,258,2006,1898,114,235
2022-10-24,2590,1673.0,515,67940,4044,189,149,1415,382,258,2017,1902,114,235
2022-10-25,2611,1674.0,519,68420,4054,190,149,1420,383,258,2026,1910,114,237
2022-10-26,2628,1686.0,519,68000,4076,192,149,1426,384,258,2035,1926,114,237
2022-10-27,2631,1690.0,520,69220,4078,192,150,1429,386,258,2039,1931,114,237
2022-10-28,2640,1698.0,523,69700,4088,192,151,1412,387,258,2027,1933,111,237
2022-10-29,2659,1708.0,525,70250,4107,195,152,1419,392,258,2031,1894,111,235
2022-10-30,2672,1724.0,526,71200,4120,197,154,1419,392,258,2031,1894,111,235
2022-10-31,2686,1728.0,528,71820,4128,197,154,1429,395,261,2048,1903,111,235
2022-11-01,2698,1730.0,533,72470,4143,197,154,1417,393,261,2030,1893,109,237
2022-11-02,2714,1733.0,535,73270,4153,198,154,1420,392,263,2039,1903,111,237
2022-11-03,2734,1755.0,535,74000,4162,198,155,1420,392,263,2039,1903,111,237
2022-11-04,2750,1772.0,535,74840,4174,201,155,1420,392,263,2039,1903,111,237
2022-11-05,2758,1776.0,537,75440,4184,202,155,1420,392,261,2039,1903,111,237
2022-11-06,2765,1781.0,537,75000,4191,202,155,1420,392,261,2039,1903,111,237
2022-11-07,2771,1782.0,537,76460,4199,202,157,1445,392,261,2077,1915,114,241
2022-11-08,2786,1791.0,538,77170,4216,203,159,1450,393,264,2079,1916,115,241
2022-11-09,2801,1802.0,538,77950,4227,205,159,1460,396,268,2092,1920,115,242
2022-11-10,2804,1805.0,538,78690,4242,205,159,1465,404,268,2104,1927,115,242
2022-11-11,2814,1817.0,539,79000,4259,205,159,1476,405,268,2118,1944,116,243
2022-11-12,2838,1829.0,539,80210,4279,205,160,1477,411,268,2142,1950,118,245
2022-11-13,2840,1837.0,539,80860,4295,206,160,1485,419,274,2154,1966,120,245
2022-11-14,2848,1839.0,539,81370,4316,206,160,1485,419,274,2154,1966,120,245
2022-11-15,2861,1850.0,539,82080,4351,208,160,1491,430,279,2163,1979,120,245
2022-11-16,2871,1860.0,539,82710,4360,209,160,1491,430,279,2163,1979,120,245
2022-11-17,2878,1860.0,539,83110,4362,209,160,1494,435,279,2173,1979,120,245
2022-11-18,2879,1865.0,539,83460,4366,209,161,1499,439,283,2180,1984,120,245
2022-11-19,2885,1867.0,539,83880,4368,209,161,1500,439,283,2180,1984,120,245
2022-11-20,2886,1868.0,539,84210,4371,209,161,1504,443,283,2185,1986,120,245
2022-11-21,2892,1870.0,539,84000,4378,209,161,1503,443,283,2193,1988,120,245
2022-11-22,2895,1882.0,539,85000,4393,209,161,1503,443,283,2193,1988,120,245
2022-11-23,2897,1887.0,539,85410,4396,209,161,1505,442,283,2199,1992,120,245
2022-11-24,2898,1889.0,539,85720,4400,209,161,1505,442,283,2199,1992,120,245
2022-11-25,2899,1895.0,539,86000,4404,209,163,1513,444,283,2204,1995,120,246
2022-11-26,2901,1896.0,539,86710,4406,209,163,1517,444,284,2207,2007,120,247
2022-11-27,2905,1897.0,539,87310,4412,209,163,1520,444,284,2219,2011,120,247
2022-11-28,2908,1899.0,539,87000,4416,209,163,1520,444,284,2219,2011,120,247
2022-11-29,2911,1901.0,541,88380,4423,209,163,1523,446,285,2233,2021,120,247
2022-11-30,2914,1902.0,541,88880,4429,210,163,1523,446,285,2233,2021,120,247
2022-12-01,2915,1904.0,541,89440,4441,210,163,1530,448,286,2237,2029,120,247
2022-12-02,2916,1905.0,542,90090,4464,210,163,1530,448,286,2237,2029,120,247
2022-12-03,2917,1906.0,543,90000,4472,210,163,1538,450,286,2245,2039,121,247
2022-12-04,2922,1908.0,544,91150,4479,210,163,1538,450,286,2245,2039,121,247
2022-12-05,2924,1914.0,545,91690,4497,211,163,1541,450,291,2258,2047,121,249
2022-12-07,2935,1923.0,545,92000,4526,211,163,1545,453,291,2268,2051,121,249
2022-12-08,2937,1925.0,545,93080,4528,211,164,1551,455,291,2282,2102,121,252
2022-12-09,2937,1926.0,545,93390,4531,211,164,1551,455,291,2282,2102,121,252
2022-12-10,2940,1927.0,545,93760,4535,211,167,1566,460,292,2290,2114,120,252
2022-12-11,2942,1928.0,545,94140,4540,211,167,1566,460,292,2290,2114,120,252
2022-12-12,2966,1929.0,545,94760,4544,211,169,1570,465,292,2306,2114,121,252
2022-12-13,2966,1931.0,545,95260,4549,211,170,1570,465,292,2306,2114,121,252
2022-12-14,2970,1931.0,545,96000,4562,211,171,1579,465,292,2318,2126,122,255
2022-12-15,2975,1943.0,545,96590,4563,211,172,1579,465,292,2318,2126,122,255
2022-12-16,2980,1946.0,545,97270,4563,211,172,1579,465,292,2321,2138,122,254
2022-12-17,2985,1947.0,545,97690,4577,211,174,1579,465,292,2321,2138,122,254
2022-12-18,2987,1948.0,545,98280,4579,211,174,1579,465,292,2321,2138,122,254
2022-12-19,2988,1953.0,545,98000,4592,212,175,1579,465,292,2321,2138,122,254
2022-12-20,2995,1960.0,547,99230,4599,212,177,1585,464,292,2328,2146,123,258
2022-12-21,3002,1972.0,549,99740,4608,212,178,1585,465,293,2328,2147,129,258
2022-12-22,3003,1978.0,550,100000,4615,212,178,1589,465,294,2332,2149,129,258
2022-12-23,3005,1984.0,550,100950,4622,212,178,1590,465,294,2332,2151,129,258
2022-12-24,3006,1988.0,550,101430,4627,212,178,1590,465,294,2332,2151,129,258
2022-12-25,3011,1991.0,550,100000,4635,212,178,1577,461,295,2316,2145,126,259
2022-12-26,3016,1996.0,550,102000,4647,212,178,1577,461,295,2316,2145,126,259
2022-12-27,3016,1998.0,550,103220,4652,212,179,1584,461,295,2316,2146,126,259
2022-12-28,3017,1999.0,550,103770,4660,212,179,1584,461,295,2316,2146,126,259
2022-12-29,3018,2004.0,551,104560,4675,212,179,1593,463,295,2325,2149,126,260
2022-12-30,3026,2010.0,551,105250,4683,212,180,1593,463,295,2325,2149,126,260
2022-12-31,3029,2016.0,552,105960,4707,213,180,1600,465,297,2331,2156,127,261
2023-01-01,3031,2021.0,552,106720,4720,213,181,1600,465,297,2331,2156,127,261
2023-01-02,3031,2027.0,552,107440,4725,213,181,1600,465,297,2331,2156,127,261
2023-01-02,3209,2207.0,577,128420,5061,221,200,1600,465,297,2331,2156,127,261
2023-01-03,3036,2033.0,553,108190,4735,214,181,1603,467,297,2338,2163,127,261
2023-01-04,3038,2039.0,553,108910,4745,215,181,1603,467,297,2338,2163,127,261
2023-01-05,3041,2051.0,555,109720,4759,215,182,1607,467,301,2348,2173,128,262
2023-01-05,3700,2921.0,602,190960,5845,295,359,1607,467,301,2348,2173,128,262
2023-01-06,3064,2059.0,557,110250,4797,215,182,1607,467,301,2348,2173,128,262
2023-01-07,3066,2062.0,557,110000,4798,217,182,1610,468,301,2355,2176,128,262
2023-01-08,3069,2065.0,557,111170,4801,217,183,1610,468,301,2355,2176,128,262
2023-01-09,3080,2069.0,560,111760,4809,217,183,1615,473,302,2365,2191,130,264
2023-01-10,3084,2073.0,560,112470,4817,217,183,1615,473,302,2363,2191,130,264
2023-01-11,3094,2078.0,560,112960,4826,217,184,1621,475,303,2372,2206,130,264
2023-01-12,3094,2082.0,561,113390,4826,218,184,1621,475,303,2372,2206,130,264
2023-01-13,3098,2086.0,562,114130,4833,218,184,1626,478,304,2377,2216,130,265
2023-01-14,3104,2090.0,562,114660,4846,219,186,1614,476,304,2361,2201,130,265
2023-01-15,3106,2094.0,562,115290,4846,219,187,1614,477,304,2372,2203,130,265
2023-01-16,3118,2099.0,562,116080,4870,220,190,1614,477,304,2372,2203,130,265
2023-01-17,3121,2104.0,562,116950,4877,220,190,1619,478,304,2387,2208,130,266
2023-01-18,3130,2108.0,563,117770,4889,220,190,1619,478,304,2387,2208,130,266
2023-01-19,3136,2122.0,564,118530,4896,220,190,1630,482,311,2398,2218,132,266
2023-01-20,3139,2129.0,564,119000,4903,220,190,1630,482,311,2398,2218,132,266
2023-01-21,3140,2135.0,564,120160,4918,220,193,1634,485,312,2406,2228,132,266
2023-01-22,3145,2144.0,564,120760,4932,220,193,1634,485,313,2406,2228,132,266
2023-01-23,3150,2146.0,564,121480,4936,220,193,1642,487,313,2424,2233,131,266
2023-01-24,3152,2148.0,570,122170,4944,220,194,1642,487,313,2424,2233,131,266
2023-01-25,3161,2154.0,571,123080,4967,220,194,1646,491,315,2436,2236,133,267
2023-01-26,3175,2169.0,574,123860,4986,220,195,1646,491,315,2436,2236,133,267
2023-01-27,3182,2180.0,575,124710,5001,221,199,1650,493,317,2447,2237,133,267
2023-01-28,3189,2188.0,577,125510,5027,221,199,1650,493,317,2447,2237,133,267
2023-01-29,3197,2195.0,577,126160,5037,221,199,1661,500,318,2456,2245,133,268
2023-01-30,3201,2196.0,577,126650,5041,221,199,1661,500,318,2456,2245,133,268
2023-01-31,3201,2197.0,577,127000,5048,221,200,1664,500,318,2461,2245,133,268
2023-02-02,3211,2212.0,577,129030,5064,222,200,1671,503,327,2469,2256,134,268
2023-02-03,3215,2215.0,578,129870,5068,222,202,1673,507,328,2474,2259,135,268
2023-02-04,3218,2220.0,578,130590,5081,225,203,1673,507,328,2474,2259,135,268
2023-02-05,3220,2226.0,578,131290,5091,227,203,1673,507,328,2474,2259,135,268
2023-02-06,3231,2231.0,578,132160,5104,227,203,1678,511,331,2477,2259,135,268
2023-02-07,3245,2232.0,578,133190,5107,227,208,1688,509,337,2492,2263,138,270
2023-02-08,3253,2236.0,580,134100,5112,228,211,1688,509,337,2492,2263,138,270
2023-02-09,3255,2244.0,580,135010,5121,232,211,1713,517,342,2508,2267,140,273
2023-02-10,3258,2251.0,581,135740,5126,233,211,1720,521,341,2524,2269,140,273
2023-02-11,3267,2270.0,581,136880,5134,234,214,1718,521,339,2524,2269,140,275
2023-02-12,3280,2287.0,582,137780,5148,234,215,1727,522,339,2535,2281,141,275
2023-02-13,3283,2290.0,582,138340,5150,234,217,1727,522,339,2535,2281,141,275
2023-02-14,3286,2299.0,584,139080,5155,234,218,1733,527,341,2548,2281,141,275
2023-02-15,3290,2303.0,584,139770,5161,236,219,1733,527,341,2549,2281,141,275
2023-02-16,3296,2306.0,585,140460,5167,239,219,1733,527,341,2549,2281,141,275
2023-02-17,3298,2322.0,585,141260,5187,241,221,1748,527,341,2562,2286,141,278
2023-02-18,3303,2326.0,585,142270,5196,243,223,1748,527,341,2562,2286,141,278
2023-02-19,3310,2327.0,585,142860,5196,243,224,1746,527,341,2557,2286,141,278
2023-02-20,3316,2334.0,586,143680,5209,243,225,1762,528,342,2572,2297,141,281
2023-02-21,3326,2338.0,586,144440,5210,243,226,1762,528,342,2572,2299,141,281
2023-02-22,3334,2345.0,586,145060,5212,243,226,1769,532,344,2586,2299,141,281
2023-02-23,3350,2352.0,586,145850,5215,244,228,1772,536,345,2596,2302,141,283
2023-02-24,3363,2363.0,586,146820,5224,247,229,1770,536,345,2596,2302,141,283
2023-02-25,3375,2373.0,587,147470,5235,247,230,1770,536,345,2596,2302,141,282
2023-02-26,3381,2380.0,587,148000,5242,247,230,1779,537,346,2605,2309,142,284
2023-02-27,3385,2380.0,588,148690,5248,247,230,1779,537,346,2609,2309,142,284
2023-02-28,3388,2383.0,588,149000,5252,247,230,1782,538,347,2616,2311,142,285
2023-03-01,3395,2393.0,588,149890,5257,247,230,1782,538,347,2616,2311,142,285
2023-03-02,3397,2398.0,588,150605,5264,247,230,1781,538,347,2615,2311,142,285
2023-03-03,3405,2402.0,590,151370,5281,247,230,1790,539,348,2632,2311,142,286
2023-03-04,3409,2414.0,591,152190,5289,247,230,1790,545,349,2632,2315,142,286
2023-03-05,3414,2426.0,591,153120,5299,248,232,1787,545,349,2631,2315,142,286
2023-03-06,3423,2433.0,591,153770,5307,250,234,1810,551,352,2649,2321,142,288
2023-03-07,3432,2456.0,592,154830,5323,253,236,1807,551,352,2646,2321,142,286
2023-03-08,3436,2463.0,592,155530,5330,253,236,1819,552,353,2654,2323,142,286
2023-03-09,3441,2465.0,592,156120,5331,254,237,1819,552,353,2654,2323,142,286
2023-03-10,3448,2475.0,593,156990,5337,256,240,1825,554,354,2675,2327,145,286
2023-03-11,3458,2483.0,593,158000,5344,257,242,1825,554,354,2675,2327,145,286
2023-03-12,3466,2487.0,593,159090,5348,259,242,1831,557,356,2680,2330,146,287
2023-03-13,3474,2503.0,593,159000,5354,259,251,1831,557,356,2680,2330,146,287
2023-03-14,3484,2519.0,593,160540,5367,260,256,1831,557,356,2680,2330,146,287
2023-03-15,3492,2528.0,593,161520,5377,262,257,1845,559,359,2697,2335,147,289
2023-03-16,3504,2539.0,594,162560,5394,265,257,1845,559,359,2697,2335,147,289
2023-03-17,3506,2552.0,595,163320,5401,265,258,1845,559,359,2697,2335,147,289
2023-03-18,3511,2560.0,595,164000,5404,265,259,1845,559,359,2697,2335,147,289
2023-03-19,3532,2568.0,595,164910,5408,268,262,1865,560,360,2711,2348,148,294
2023-03-20,3537,2577.0,595,165610,5416,270,265,1865,560,360,2711,2348,148,294
2023-03-21,3552,2586.0,595,166570,5428,270,266,1871,563,361,2723,2356,148,296
2023-03-22,3557,2589.0,595,167490,5434,272,270,1871,563,361,2723,2356,148,296
2023-03-23,3570,2608.0,595,168000,5452,273,273,1871,563,361,2723,2356,148,296
2023-03-24,3574,2616.0,595,169170,5464,276,277,1874,563,361,2726,2360,148,296
2023-03-25,3580,2623.0,596,169890,5483,276,279,1889,564,361,2728,2366,151,297
2023-03-26,3595,2631.0,596,170550,5486,277,282,1895,565,362,2732,2371,151,298
2023-03-27,3595,2638.0,596,171160,5493,277,285,1901,572,363,2743,2377,152,298
2023-03-28,3602,2653.0,596,171730,5502,277,287,1901,572,363,2751,2380,153,298
2023-03-29,3609,2659.0,597,172340,5507,277,288,1903,573,363,2751,2383,153,298
2023-03-30,3610,2671.0,597,172900,5518,278,291,1906,574,365,2760,2389,153,298
2023-03-31,3615,2675.0,597,173360,5521,278,294,1906,574,365,2760,2389,153,298
2023-04-01,3616,2683.0,597,173000,5528,279,296,1908,577,365,2763,2400,155,298
2023-04-02,3618,2687.0,597,174550,5537,279,296,1909,579,364,2764,2394,155,298
2023-04-03,3619,2694.0,597,175160,5553,280,298,1916,581,364,2766,2396,155,298
2023-04-04,3627,2697.0,597,175690,5562,280,298,1924,582,364,2767,2402,155,298
2023-04-05,3629,2707.0,597,176240,5573,280,299,1923,584,365,2770,2404,156,298
2023-04-06,3631,2714.0,598,176630,5574,281,302,1924,584,365,2770,2406,156,298
2023-04-07,3633,2722.0,598,177110,5587,281,304,1927,588,367,2771,2406,157,298
2023-04-07,4059,4252.0,624,231030,6843,394,590,1927,588,367,2771,2406,157,298
2023-04-08,3636,2727.0,599,177680,5599,282,304,1928,589,367,2775,2405,157,299
2023-04-09,3636,2740.0,599,178000,5602,282,309,1928,589,369,2777,2405,158,299
2023-04-09,4480,5611.0,631,265120,8149,503,847,1928,589,369,2777,2405,158,299
2023-04-10,3637,2750.0,599,178820,5607,282,311,1929,589,370,2777,2409,158,298
2023-04-11,3644,2765.0,600,179320,5620,282,316,1916,589,370,2780,2414,159,298
2023-04-12,3646,2770.0,600,180050,5630,282,319,1908,590,370,2782,2419,159,298
2023-04-13,3646,2777.0,600,180590,5637,283,320,1908,590,370,2782,2419,159,298
2023-04-14,3650,2784.0,600,181090,5640,283,321,1908,590,370,2782,2419,159,298
2023-04-15,3653,2785.0,600,181550,5646,283,324,1908,590,370,2782,2419,159,298
2023-04-16,3657,2795.0,601,182070,5658,284,326,1901,590,372,2797,2426,160,298
2023-04-17,3660,2804.0,601,182660,5672,285,328,1902,593,372,2802,2432,161,298
2023-04-18,3661,2810.0,601,183000,5676,285,330,1903,594,374,2803,2436,161,298
2023-04-19,3665,2819.0,601,183750,5692,285,330,1903,594,374,2803,2436,161,298
2023-04-20,3667,2825.0,601,184420,5707,285,332,1902,598,374,2811,2444,161,298
2023-04-21,3668,2827.0,601,180000,5713,285,334,1905,598,376,2812,2448,161,299
2023-04-22,3672,2832.0,601,185730,5718,289,337,1905,598,376,2812,2448,161,299
2023-04-23,3675,2837.0,602,186420,5730,289,339,1907,599,377,2815,2454,161,299
2023-04-24,3683,2849.0,602,187080,5753,289,339,1907,599,377,2815,2454,161,299
2023-04-25,3688,2863.0,602,187770,5784,291,345,1906,599,377,2779,2454,161,299
2023-04-26,3692,2877.0,602,188410,5792,292,352,1906,595,377,2774,2442,159,299
2023-04-27,3694,2887.0,602,180000,5805,293,352,1914,598,379,2794,2447,160,300
2023-04-28,3694,2905.0,602,189460,5819,294,353,1914,598,379,2794,2447,160,300
2023-04-29,3697,2908.0,602,190040,5836,294,355,1911,598,379,2790,2447,160,300
2023-04-30,3699,2914.0,602,190510,5842,295,357,1911,598,379,2790,2447,160,300
2023-05-02,3701,2930.0,602,191420,5851,298,360,1925,599,383,2808,2467,160,302
2023-05-03,3702,2946.0,602,191940,5865,300,363,1925,599,383,2808,2467,160,302
2023-05-04,3707,2962.0,602,192590,5886,304,370,1927,599,383,2809,2467,160,302
2023-05-05,3710,2978.0,602,193210,5916,304,373,1937,601,389,2818,2476,161,302
2023-05-06,3717,2992.0,602,193770,5936,306,375,1937,601,389,2818,2476,161,302
2023-05-07,3723,3010.0,602,194430,5952,306,380,1937,601,389,2818,2476,161,302
2023-05-08,3730,3018.0,602,194970,5958,306,384,1937,601,389,2818,2476,161,302
2023-09-05,3734,3031.0,602,195620,5969,307,388,2292,822,492,3294,2799,218,340
2023-05-10,3736,3039.0,602,196310,5974,308,389,1943,603,393,2830,2481,163,303
2023-05-11,3740,3053.0,602,196920,5984,310,391,1947,604,395,2819,2483,165,303
2023-05-12,3745,3068.0,602,197670,5996,312,393,1947,604,395,2819,2483,165,303
2023-05-12,5587,7987.0,647,333840,10483,605,1148,1947,604,395,2819,2483,165,303
2023-05-13,3751,3095.0,602,198260,6011,314,402,1947,604,400,2819,2483,165,303
2023-05-14,3756,3116.0,602,198880,6018,314,404,1947,604,400,2819,2483,165,303
2023-05-15,3759,3137.0,602,199460,6034,316,407,1947,604,400,2819,2483,165,303
2023-05-16,3762,3150.0,602,199980,6048,316,410,1947,604,400,2819,2483,165,303
2023-05-17,3771,3166.0,602,200590,6067,318,417,1965,619,408,2831,2500,169,305
2023-05-18,3773,3198.0,602,201110,6073,318,418,1965,619,408,2831,2500,169,305
2023-05-19,3777,3210.0,602,201760,6083,319,419,1965,619,408,2831,2500,169,305
2023-05-20,3781,3229.0,602,202430,6103,325,423,1965,619,408,2831,2500,169,305
2023-05-21,3783,3258.0,602,203160,6115,327,425,1972,620,408,2837,2500,169,305
2023-05-22,3785,3278.0,603,203880,6129,327,427,1981,626,417,2858,2504,169,306
2023-05-23,3789,3318.0,604,204360,6139,327,433,1982,628,419,2862,2509,169,306
2023-05-24,3792,3339.0,605,204760,6146,327,440,1982,628,419,2862,2509,169,306
2023-05-25,3795,3359.0,605,205260,6148,327,444,1984,634,422,2867,2514,169,306
2023-05-26,3796,3384.0,606,205720,6161,328,446,1984,634,422,2867,2514,169,306
2023-05-27,3794,3414.0,611,206200,6183,329,449,1989,637,413,2865,2515,169,306
2023-05-28,3797,3425.0,611,206600,6192,329,451,1989,637,413,2865,2517,169,306
2023-05-29,3801,3435.0,611,207030,6207,331,453,2002,641,414,2867,2518,169,306
2023-05-30,3802,3445.0,611,207000,6219,332,454,2001,641,414,2867,2518,169,306
2023-05-31,3802,3460.0,611,207910,6230,333,454,2003,642,415,2873,2531,169,308
2023-06-01,3804,3474.0,611,208370,6239,333,458,2003,642,415,2873,2531,169,308
2023-06-02,3819,3501.0,611,208000,6267,335,465,2002,643,415,2875,2531,170,308
2023-06-03,3829,3533.0,611,209470,6289,342,475,2011,649,415,2882,2539,170,309
2023-06-04,3837,3555.0,611,209940,6305,344,479,2011,649,415,2878,2550,171,309
2023-06-05,3848,3567.0,611,210350,6312,349,484,2011,649,415,2878,2550,171,309
2023-06-06,3860,3603.0,612,211150,6332,351,489,2011,649,415,2878,2550,171,309
2023-06-07,3873,3640.0,613,212030,6349,352,492,2012,649,416,2878,2550,172,309
2023-06-07,4068,4310.0,624,232300,6888,404,605,2012,649,416,2878,2550,172,309
2023-06-08,3891,3668.0,613,212760,6384,355,500,2023,652,416,2892,2564,173,310
2023-06-09,3901,3702.0,613,213770,6410,359,502,2023,653,416,2892,2564,173,310
2023-06-10,3909,3717.0,613,214660,6428,362,507,2025,658,416,2895,2564,174,310
2023-06-11,3926,3736.0,613,215640,6461,362,509,2025,658,416,2895,2564,174,310
2023-06-12,3931,3746.0,613,216180,6471,362,510,2027,658,416,2895,2564,174,310
2023-06-12,5600,8024.0,648,335110,10532,605,1153,2027,658,416,2895,2564,174,310
2023-06-13,3935,3766.0,614,216000,6473,363,511,2041,659,418,2909,2570,175,310
2023-06-14,3943,3783.0,614,217330,6482,364,516,2043,659,418,2909,2570,173,310
2023-06-15,3955,3793.0,615,217910,6506,364,519,2039,666,418,2910,2566,175,310
2023-06-16,3965,3812.0,615,218000,6519,364,519,2039,666,418,2910,2566,175,310
2023-06-17,3977,3834.0,616,219170,6557,364,520,2043,666,418,2910,2566,175,310
2023-06-18,3984,3847.0,618,219820,6571,364,522,2047,667,418,2918,2568,176,313
2023-06-19,3989,3865.0,619,220450,6613,370,526,2047,667,418,2918,2568,176,313
2023-06-20,3997,3888.0,620,221460,6645,372,531,2047,667,418,2918,2568,176,313
2023-06-21,4006,3920.0,620,222000,6667,375,539,2054,675,421,2934,2582,178,313
2023-06-22,4013,3941.0,621,222650,6678,376,539,2054,675,421,2934,2582,178,313
2023-06-23,4017,3985.0,621,220000,6708,379,545,2054,675,421,2934,2582,178,313
2023-06-24,4024,4015.0,622,223910,6731,383,548,2061,685,430,2952,2594,178,313
2023-06-25,4030,4034.0,622,224630,6735,385,552,2061,685,430,2952,2594,178,313
2023-06-26,4031,4055.0,622,225580,6751,385,557,2061,685,430,2952,2594,178,313
2023-06-27,4036,4083.0,622,226170,6772,386,563,2070,688,433,2965,2624,179,313
2023-06-28,4036,4089.0,622,227100,6774,387,563,2070,688,433,2965,2624,179,313
2023-06-29,4038,4116.0,623,227780,6780,388,569,2070,688,433,2965,2624,179,313
2023-06-30,4041,4127.0,623,228340,6785,389,569,2082,691,434,2974,2626,180,316
2023-07-01,4042,4162.0,623,228870,6794,389,580,2082,691,431,2974,2626,180,316
2023-07-02,4052,4188.0,623,229660,6816,390,583,2082,691,431,2974,2626,180,316
2023-07-03,4057,4220.0,624,230260,6834,391,590,2084,694,436,2984,2632,182,317
2023-07-05,4062,4288.0,624,231700,6865,395,598,2084,694,436,2984,2632,182,317
2023-07-07,4070,4330.0,624,232810,6898,408,612,2093,703,439,3000,2636,182,317
2023-09-07,4074,4346.0,624,233440,6914,410,619,2301,823,492,3313,2814,218,341
2023-09-07,4506,5722.0,631,266000,8217,506,859,2301,823,492,3313,2814,218,341
2023-07-10,4085,4371.0,624,234480,6937,414,632,2103,707,441,3010,2641,182,318
2023-07-11,4089,4385.0,625,235020,6966,414,640,2115,714,445,3023,2657,186,318
2023-12-07,4090,4402.0,625,200000,6978,415,647,2527,946,552,3707,3016,259,368
2023-12-07,5618,8045.0,648,336230,10561,605,1156,2527,946,552,3707,3016,259,368
2023-07-13,4092,4425.0,625,236040,6995,421,652,2125,716,448,3040,2666,187,318
2023-07-14,4097,4449.0,625,236590,7019,423,662,2125,716,448,3040,2666,187,318
2023-07-15,4102,4463.0,625,237180,7036,425,664,2125,718,448,3040,2670,188,319
2023-07-16,4107,4481.0,625,237680,7044,425,666,2136,724,451,3050,2682,189,320
2023-07-17,4115,4504.0,625,238300,7059,428,677,2137,724,451,3050,2682,189,320
2023-07-18,4119,4542.0,625,239010,7086,428,677,2137,724,451,3050,2682,189,320
2023-07-19,4123,4573.0,625,239480,7105,430,683,2146,730,455,3075,2689,191,322
2023-07-20,4129,4592.0,625,240100,7134,433,685,2145,730,455,3075,2689,191,322
2023-07-21,4133,4610.0,625,240690,7145,440,686,2156,733,455,3085,2695,191,323
2023-07-22,4140,4629.0,625,241330,7159,448,691,2156,733,455,3085,2695,191,323
2023-07-23,4151,4658.0,625,241960,7172,451,696,2161,734,455,3096,2695,191,323
2023-07-24,4162,4675.0,625,242620,7182,452,698,2164,736,459,3100,2711,196,326
2023-07-25,4174,4705.0,625,243220,7194,454,703,2167,741,460,3109,2724,198,326
2023-07-26,4177,4727.0,626,243680,7211,457,708,2167,741,460,3109,2724,198,326
2023-07-27,4186,4745.0,626,244270,7229,457,708,2173,743,461,3115,2731,198,327
2023-07-28,4190,4775.0,626,244830,7240,458,709,2173,743,461,3115,2731,198,327
2023-07-29,4191,4786.0,626,245220,7247,458,710,2173,743,461,3115,2731,198,327
2023-07-30,4205,4795.0,626,245700,7275,459,711,2187,744,461,3115,2731,201,327
2023-07-31,4211,4816.0,626,246190,7292,460,715,2188,751,462,3129,2735,203,327
2023-08-01,4216,4839.0,626,246690,7324,462,718,2188,751,462,3129,2735,203,327
2023-08-02,4217,4866.0,626,247230,7349,463,718,2188,751,462,3129,2735,203,327
2023-08-03,4224,4892.0,626,247850,7372,465,721,2199,753,463,3152,2737,204,329
2023-08-04,4228,4911.0,626,248490,7392,466,724,2199,753,463,3152,2737,204,329
2023-08-05,4232,4943.0,626,249110,7422,466,730,2203,757,463,3160,2746,206,329
2023-08-06,4237,4965.0,626,249700,7441,466,734,2203,757,463,3160,2746,206,329
2023-07-08,4244,4977.0,626,250240,7451,467,735,2098,705,440,3000,2636,181,318
2023-08-08,4254,4996.0,627,250000,7460,468,737,2207,770,465,3167,2751,207,330
2023-09-08,4262,5013.0,627,251620,7479,469,742,2303,823,492,3313,2814,218,341
2023-09-08,4529,5753.0,631,267540,8264,507,860,2303,823,492,3313,2814,218,341
2023-08-10,4278,5028.0,628,252200,7495,469,746,2207,770,465,3167,2751,207,330
2023-11-08,4290,5043.0,628,252780,7511,471,756,2475,924,545,3600,2967,246,359
2023-11-08,5301,7439.0,646,307640,9814,572,1054,2475,924,545,3600,2967,246,359
2023-08-12,4295,5053.0,628,253290,7523,472,759,2218,776,466,3175,2762,207,331
2023-08-13,4298,5072.0,628,253850,7543,477,760,2218,776,466,3175,2762,207,331
2023-08-14,4306,5099.0,628,254380,7562,479,766,2233,778,466,3188,2767,209,332
2023-08-15,4313,5128.0,629,254920,7584,482,769,2233,778,466,3189,2766,209,333
2023-08-16,4324,5152.0,629,255570,7614,485,773,2236,783,467,3198,2766,211,333
2023-08-17,4329,5169.0,629,256050,7641,486,773,2237,785,469,3203,2769,212,334
2023-08-18,4332,5193.0,631,256510,7658,486,783,2237,785,469,3203,2769,212,334
2023-08-19,4340,5212.0,631,257010,7665,486,785,2237,785,469,3203,2769,212,334
2023-08-20,4346,5245.0,631,257000,7680,489,790,2255,795,474,3223,2775,213,335
2023-08-21,4358,5264.0,631,257930,7692,489,794,2255,795,474,3223,2775,213,335
2023-08-22,4362,5295.0,631,258340,7722,491,797,2255,795,474,3223,2775,213,335
2023-08-23,4373,5318.0,631,258820,7745,491,800,2262,802,477,3228,2777,214,336
2023-08-24,4375,5333.0,631,259160,7773,494,801,2262,802,477,3228,2777,215,336
2023-08-25,4378,5361.0,631,259630,7790,495,802,2265,804,480,3240,2777,216,338
2023-08-26,4390,5379.0,631,260270,7823,497,804,2266,805,480,3241,2777,216,338
2023-08-27,4396,5403.0,631,260000,7854,498,808,2270,806,481,3247,2779,216,339
2023-08-28,4400,5425.0,631,261310,7866,499,809,2270,806,481,3247,2779,216,339
2023-08-29,4414,5450.0,631,261840,7909,500,820,2276,812,482,3262,2791,217,340
2023-08-30,4423,5476.0,631,262410,7953,500,825,2277,812,484,3262,2791,218,340
2023-08-31,4436,5507.0,631,263020,7976,500,830,2276,813,486,3264,2791,218,340
2023-09-01,4459,5530.0,631,263490,8009,500,831,2281,814,486,3264,2791,218,340
2023-09-02,4471,5560.0,631,264060,8043,501,835,2283,816,487,3264,2795,218,340
2023-09-03,4476,5582.0,631,264666,8102,502,841,2285,818,488,3265,2795,218,340
2023-05-09,4489,5649.0,631,265680,8175,504,851,1938,601,389,2819,2476,162,302
2023-09-06,4497,5685.0,631,266290,8190,505,852,2292,823,492,3297,2804,218,340
2023-09-09,4544,5789.0,631,268140,8298,508,870,2304,825,492,3313,2815,222,340
2023-09-10,4554,5811.0,631,268000,8338,509,872,2307,825,492,3324,2822,222,340
2023-09-11,4560,5839.0,631,269210,8370,512,877,2312,827,493,3328,2824,222,341
2023-09-12,4568,5872.0,631,269760,8413,515,881,2313,830,494,3331,2829,223,341
2023-09-12,5632,8058.0,648,338120,10598,605,1159,2313,830,494,3331,2829,223,341
2023-09-13,4584,5902.0,631,270350,8444,517,884,2315,820,495,3338,2831,222,342
2023-09-14,4599,5944.0,631,270970,8458,517,889,2317,820,495,3338,2831,222,342
2023-09-15,4612,5972.0,631,271440,8492,521,889,2317,820,495,3339,2833,223,342
2023-09-16,4616,5988.0,631,271790,8525,521,891,2317,821,495,3339,2834,227,342
2023-09-17,4620,6003.0,631,272320,8537,523,896,2317,821,495,3341,2834,230,342
2023-09-18,4623,6027.0,631,272940,8571,525,901,2323,823,495,3344,2835,231,342
2023-09-19,4628,6062.0,631,273460,8601,526,903,2331,826,495,3344,2837,231,342
2023-09-20,4635,6096.0,631,273980,8633,526,906,2331,830,497,3355,2839,233,343
2023-09-21,4638,6137.0,631,274470,8670,528,911,2331,835,499,3359,2844,233,343
2023-09-22,4644,6177.0,631,274950,8690,528,912,2331,835,500,3357,2842,233,343
2023-09-23,4655,6210.0,631,275460,8716,530,912,2331,835,500,3357,2842,233,343
2023-09-24,4662,6233.0,631,275855,8734,531,914,2334,844,501,3376,2853,234,343
2023-09-25,4667,6260.0,631,276270,8746,533,918,2336,845,501,3377,2855,234,343
2023-09-26,4672,6299.0,631,276670,8763,533,925,2337,846,504,3378,2856,234,344
2023-09-27,4675,6337.0,631,276000,8792,534,927,2337,846,504,3378,2856,234,344
2023-09-28,4679,6375.0,631,277320,8815,535,929,2331,847,503,3378,2860,235,344
2023-09-29,4687,6409.0,631,277660,8836,536,930,2331,848,505,3381,2863,235,345
2023-09-30,4691,6447.0,631,278130,8854,537,932,2331,848,505,3381,2863,235,345
2023-10-01,4702,6477.0,631,278570,8883,537,933,2331,848,505,3381,2863,235,345
2023-10-02,4717,6525.0,631,279080,8909,540,938,2331,848,505,3381,2863,235,345
2023-10-03,4732,6565.0,631,279440,8932,540,943,2331,848,505,3381,2863,235,345
2023-10-04,4745,6612.0,631,279890,8962,540,946,2345,850,505,3395,2863,235,345
2023-10-05,4757,6643.0,631,280470,8980,540,948,2349,859,507,3400,2886,236,349
2023-10-06,4777,6666.0,631,281090,9015,540,951,2349,859,507,3400,2886,236,349
2023-10-07,4800,6688.0,631,281700,9073,541,956,2349,859,507,3400,2886,236,349
2023-10-08,4821,6705.0,631,282280,9111,542,959,2362,865,510,3404,2908,237,349
2023-10-09,4823,6706.0,631,282630,9113,543,959,2362,865,510,3404,2908,237,349
2023-10-10,4829,6713.0,631,283080,9125,544,961,2362,865,510,3404,2908,237,349
2023-10-11,4863,6731.0,632,283900,9145,545,965,2378,874,511,3427,2914,238,350
2023-10-12,4905,6763.0,632,284890,9170,545,966,2378,874,511,3427,2914,238,350
2023-10-13,4931,6807.0,632,285920,9203,546,967,2378,874,511,3427,2914,238,350
2023-10-14,4940,6833.0,633,286890,9225,547,971,2389,881,512,3447,2919,239,351
2023-10-15,4948,6866.0,633,287770,9249,547,976,2389,881,512,3447,2919,239,351
2023-10-16,4965,6910.0,635,288000,9271,547,981,2389,881,512,3447,2919,239,351
2023-10-17,4979,6936.0,635,289430,9293,547,982,2404,883,512,3463,2919,239,351
2023-10-18,4981,6944.0,642,290000,9303,547,982,2404,894,521,3467,2929,240,353
2023-10-19,4992,6983.0,644,290680,9337,548,985,2404,894,521,3467,2929,240,353
2023-10-20,5047,7012.0,644,292060,9370,548,985,2404,894,521,3467,2929,240,353
2023-10-21,5063,7017.0,644,292850,9391,548,990,2419,906,539,3513,2943,242,355
2023-10-22,5081,7032.0,644,293830,9404,549,991,2419,906,539,3513,2943,242,355
2023-10-23,5093,7057.0,644,294000,9419,551,998,2419,905,539,3513,2940,242,355
2023-10-24,5105,7081.0,644,295510,9447,552,1006,2428,904,540,3524,2939,242,353
2023-10-25,5112,7125.0,644,296310,9474,554,1007,2434,908,541,3530,2948,242,354
2023-10-26,5141,7155.0,644,297120,9507,556,1010,2434,908,541,3530,2948,242,354
2023-10-27,5145,7162.0,644,297680,9513,556,1011,2434,908,541,3530,2948,242,354
2023-10-28,5167,7180.0,644,298420,9524,558,1011,2437,913,542,3547,2950,243,355
2023-10-29,5175,7188.0,644,299080,9532,558,1012,2437,913,542,3547,2950,243,355
2023-10-30,5190,7202.0,645,299940,9555,559,1014,2437,913,542,3547,2950,243,355
2023-10-31,5211,7227.0,645,300810,9590,562,1016,2439,914,542,3568,2959,243,357
2023-11-01,5223,7250.0,645,301490,9624,563,1019,2439,913,542,3565,2959,243,357
2023-11-02,5241,7292.0,646,302420,9658,566,1032,2458,914,542,3581,2961,244,358
2023-11-03,5265,7328.0,646,303270,9691,566,1034,2458,914,542,3581,2961,244,358
2023-11-04,5276,7363.0,646,304100,9716,568,1038,2458,914,542,3581,2961,244,358
2023-11-05,5284,7375.0,646,305090,9730,570,1047,2475,924,545,3600,2967,246,359
2023-11-06,5288,7389.0,646,305970,9744,570,1047,2475,924,545,3600,2967,246,359
2023-11-07,5293,7410.0,646,306860,9767,570,1049,2475,924,545,3600,2967,246,359
2023-11-09,5316,7475.0,646,308720,9853,577,1059,2483,925,547,3621,2973,248,361
2023-11-10,5317,7489.0,646,309520,9876,578,1060,2474,923,547,3615,2973,248,360
2023-11-11,5342,7527.0,646,310650,9925,579,1069,2474,923,547,3615,2973,248,360
2023-11-12,5349,7559.0,646,311750,9944,580,1078,2474,923,547,3615,2973,248,360
2023-11-13,5354,7569.0,646,312550,9949,580,1079,2485,925,548,3632,2982,248,364
2023-11-14,5362,7589.0,646,313470,9973,580,1081,2462,925,548,3629,2982,248,363
2023-11-15,5377,7647.0,647,314290,10020,582,1083,2462,925,548,3629,2982,248,363
2023-11-16,5388,7683.0,647,315620,10060,585,1084,2462,925,548,3629,2982,248,363
2023-11-17,5415,7712.0,647,316760,10077,585,1086,2468,934,551,3650,2989,251,364
2023-11-18,5422,7726.0,647,317380,10091,586,1090,2468,934,551,3650,2989,251,364
2023-11-19,5435,7744.0,647,318570,10120,588,1096,2470,932,551,3642,2989,251,363
2023-11-20,5439,7748.0,647,319210,10127,588,1097,2472,935,551,3644,2995,252,363
2023-11-21,5439,7752.0,647,319820,10134,588,1098,2472,935,551,3644,2995,252,363
2023-11-22,5446,7769.0,647,320670,10159,589,1105,2472,935,551,3644,2995,252,363
2023-11-23,5466,7802.0,647,321800,10198,591,1107,2478,937,551,3651,3003,252,363
2023-11-24,5496,7833.0,647,322900,10230,595,1108,2478,937,551,3651,3003,252,363
2023-11-25,5502,7851.0,647,323760,10259,596,1112,2478,937,551,3650,3002,252,363
2023-11-26,5513,7874.0,647,324830,10288,597,1113,2478,937,551,3650,3002,252,363
2023-11-27,5520,7875.0,647,325580,10299,597,1113,2504,938,551,3662,3008,252,365
2023-11-28,5523,7876.0,647,326440,10302,597,1113,2504,938,551,3662,3008,252,365
2023-11-29,5538,7908.0,647,327580,10348,600,1121,2504,938,551,3662,3008,252,365
2023-11-30,5551,7909.0,647,328760,10361,600,1124,2510,939,551,3669,3010,258,367
2023-12-01,5564,7931.0,647,330040,10399,602,1137,2510,939,551,3669,3010,258,367
2023-12-02,5571,7941.0,647,331110,10410,602,1138,2510,939,551,3669,3010,258,367
2023-12-03,5575,7949.0,647,332040,10432,602,1140,2513,940,551,3676,3011,258,367
2023-12-04,5580,7961.0,647,332810,10451,602,1141,2513,940,551,3676,3011,258,367
2023-12-08,5626,8057.0,648,337220,10591,605,1159,2522,946,552,3705,3015,259,367
2023-12-10,5636,8064.0,648,338820,10623,605,1162,2526,948,552,3724,3017,260,367
2023-12-11,5655,8070.0,648,339850,10636,605,1168,2526,948,552,3724,3017,260,367
2023-12-12,5664,8073.0,648,340000,10650,605,1170,2548,948,553,3762,3021,260,367
2023-12-13,5682,8076.0,648,341500,10662,605,1176,2541,949,553,3757,3000,260,368
2023-12-14,5692,8088.0,648,342000,10675,605,1185,2541,949,553,3757,3000,260,368
2023-12-15,5706,8099.0,648,343890,10699,605,1189,2541,949,553,3757,3000,260,368
2023-12-16,5720,8100.0,648,344820,10710,605,1190,2552,963,553,3778,3003,260,368
2023-12-17,5739,8137.0,648,346070,10766,609,1194,2552,963,553,3774,3002,260,368
2023-12-18,5783,8175.0,648,347160,10822,610,1198,2570,964,554,3793,3012,260,369
2023-12-19,5798,8190.0,648,348000,10842,611,1200,2570,964,554,3793,3012,260,369
2023-12-20,5814,8206.0,648,349190,10871,611,1203,2570,964,554,3793,3012,260,369
2023-12-21,5828,8226.0,648,350270,10919,611,1208,2571,965,553,3783,3014,264,370
2023-12-22,5837,8250.0,648,351350,10944,611,1217,2571,965,553,3783,3014,264,370
2023-12-23,5854,8286.0,651,352390,10995,611,1223,2571,965,553,3783,3014,264,370
2023-12-24,5858,8314.0,651,353190,11022,611,1229,2580,971,557,3798,3032,264,370
2023-12-25,5877,8347.0,653,353950,11075,613,1234,2585,972,559,3842,3034,264,369
2023-12-26,5899,8366.0,653,354960,11109,614,1239,2585,972,559,3842,3034,264,369
2023-12-27,5913,8376.0,653,355750,11140,616,1240,2585,972,559,3842,3034,264,369
2023-12-28,5940,8391.0,653,356670,11180,617,1247,2605,974,559,3854,3043,265,370
2023-12-29,5953,8417.0,653,357520,11215,620,1254,2605,974,559,3854,3043,265,370
2023-12-30,5969,8434.0,653,358270,11244,621,1260,2604,974,559,3850,3043,265,370
2023-12-31,5977,8464.0,653,359230,11292,623,1268,2608,977,559,3833,3060,267,371
2024-01-01,5983,8482.0,653,360010,11330,625,1277,2607,977,559,3833,3060,267,371
2024-01-02,5990,8531.0,653,360820,11365,626,1284,2607,977,559,3833,3060,267,371
2024-01-03,5990,8546.0,653,361000,11391,629,1298,2611,980,559,3849,3062,270,371
2024-01-04,6002,8574.0,653,362280,11423,630,1304,2611,980,559,3849,3062,270,371
2024-01-05,6011,8604.0,653,363070,11463,631,1313,2611,980,559,3849,3062,270,371
2024-01-06,6018,8617.0,653,363870,11478,633,1317,2619,986,560,3867,3067,274,372
2024-01-07,6022,8653.0,653,364730,11523,637,1327,2619,986,560,3867,3067,274,372
2024-01-08,6031,8666.0,653,365170,11542,638,1328,2619,986,560,3867,3067,274,372
2024-01-09,6036,8672.0,653,365990,11552,638,1333,2625,986,561,3878,3069,276,372
2024-01-10,6038,8684.0,653,366790,11575,639,1336,2606,990,562,3864,3064,283,366
2024-01-11,6050,8699.0,653,367620,11596,641,1337,2606,990,562,3864,3064,283,366
2024-01-12,6060,8710.0,653,368460,11612,642,1339,2606,990,562,3864,3064,283,366
2024-01-13,6065,8728.0,653,369160,11632,646,1345,2612,993,562,3883,3078,283,369
2024-01-14,6075,8747.0,653,370000,11667,648,1353,2612,993,562,3883,3078,283,369
2024-01-15,6089,8771.0,653,370980,11698,650,1356,2612,993,562,3883,3078,283,369
2024-01-16,6113,8801.0,655,372090,11731,653,1365,2623,995,564,3893,3081,283,369
2024-01-17,6126,8811.0,655,370000,11755,653,1367,2623,995,564,3893,3081,283,369
2024-01-18,6147,8835.0,655,373600,11794,653,1380,2623,995,564,3893,3081,283,369
2024-01-19,6167,8854.0,655,374520,11831,654,1384,2623,995,564,3893,3081,283,369
2024-01-20,6171,8868.0,655,375270,11848,654,1389,2633,998,565,3920,3091,287,368
2024-01-21,6181,8875.0,655,376030,11862,655,1392,2633,998,565,3920,3091,287,368
2024-01-22,6192,8896.0,655,376860,11891,657,1397,2633,998,565,3920,3091,287,432
2024-01-23,6214,8947.0,655,377820,11956,657,1409,2661,999,568,3941,3099,288,433
2024-01-24,6227,9008.0,655,378660,12005,659,1416,2661,999,568,3941,3099,288,433
2024-01-25,6257,9067.0,655,379610,12044,660,1420,2661,999,568,3941,3099,288,433
2024-01-26,6265,9082.0,655,380600,12064,660,1425,2666,1003,569,3950,3102,289,432
2024-01-27,6271,9085.0,655,381370,12072,660,1433,2666,1003,569,3950,3102,289,432
2024-01-28,6280,9097.0,655,382110,12103,660,1436,2666,1003,569,3950,3102,289,432
2024-01-29,6290,9113.0,655,383180,12149,660,1443,2678,1003,570,3970,3104,291,433
2024-01-30,6300,9144.0,656,384140,12191,663,1448,2678,1003,570,3970,3104,291,433
2024-01-31,6310,9195.0,656,385230,12231,663,1452,2678,1003,570,3970,3104,291,433
2024-02-01,6322,9228.0,656,386230,12267,663,1462,2701,1005,571,3987,3114,291,433
2024-02-02,6331,9274.0,656,387060,12316,663,1470,2700,1005,571,3986,3111,291,433
2024-02-03,6341,9300.0,656,387940,12352,663,1473,2710,1005,571,3992,3112,291,433
2024-02-04,6343,9331.0,656,388750,12393,663,1479,2709,1005,571,3991,3112,291,433
2024-02-05,6348,9349.0,656,389560,12412,664,1486,2714,1006,571,3993,3113,291,435
2024-02-06,6365,9367.0,656,390580,12453,665,1496,2714,1006,571,3993,3113,291,435
2024-02-07,6372,9387.0,656,391470,12486,665,1497,2714,1006,571,3993,3113,291,435
2024-02-08,6383,9411.0,657,392380,12513,666,1505,2714,1006,571,3993,3113,291,435
2024-02-09,6385,9435.0,657,393290,12551,666,1509,2729,1015,574,4017,3118,291,437
2024-02-10,6394,9459.0,657,394270,12579,666,1512,2729,1015,574,4017,3118,291,437
2024-03-11,6406,9475.0,657,395000,12592,666,1513,2813,1038,590,4233,3144,299,442
2024-03-11,6739,10499.0,672,424980,13826,711,1686,2813,1038,590,4233,3144,299,442
2024-02-12,6416,9481.0,657,395990,12599,666,1514,2726,1015,574,4028,3124,293,438
2024-02-13,6424,9500.0,657,397080,12623,667,1518,2726,1015,574,4028,3124,293,438
2024-02-14,6433,9566.0,657,398140,12662,671,1523,2735,1020,574,4051,3138,293,438
2024-02-15,6442,9620.0,657,399090,12691,671,1524,2735,1020,574,4051,3138,293,438
2024-02-16,6465,9641.0,657,400300,12716,671,1528,2735,1020,574,4051,3138,293,438
2024-02-17,6476,9669.0,657,401350,12734,671,1533,2742,1021,575,4068,3135,294,439
2024-02-18,6487,9709.0,660,402430,12736,674,1540,2742,1021,575,4068,3135,294,439
2024-02-19,6498,9733.0,661,403720,12767,674,1545,2742,1021,575,4068,3135,294,439
2024-02-20,6503,9773.0,663,404950,12805,675,1551,2754,1022,577,4085,3139,296,440
2024-02-21,6516,9826.0,663,406080,12861,678,1558,2754,1022,577,4085,3139,296,440
2024-02-22,6523,9867.0,664,407240,12924,680,1566,2752,1025,579,4103,3123,299,439
2024-02-23,6526,9916.0,664,408240,12960,682,1575,2754,1025,580,4108,3123,299,439
2024-02-24,6534,9952.0,665,409010,12988,684,1576,2754,1025,580,4108,3123,299,439
2024-02-25,6542,9981.0,665,409820,13011,684,1578,2754,1025,581,4108,3123,299,439
2024-02-26,6555,9993.0,665,410700,13037,686,1580,2759,1028,587,4131,3135,299,440
2024-02-27,6556,10009.0,665,411550,13065,686,1588,2758,1028,587,4129,3134,299,440
2024-02-28,6570,10029.0,667,412610,13112,688,1594,2764,1029,590,4147,3142,299,441
2024-02-29,6593,10070.0,667,413760,13152,690,1601,2764,1029,590,4147,3142,299,441
2024-03-01,6610,10106.0,670,414680,13206,691,1611,2764,1029,590,4147,3142,299,441
2024-03-02,6624,10153.0,671,415640,13267,696,1617,2774,1032,590,4171,3129,299,442
2024-03-03,6640,10188.0,672,416800,13332,696,1620,2774,1032,590,4171,3129,299,442
2024-03-04,6648,10210.0,672,417950,13374,698,1621,2791,1034,590,4196,3135,299,442
2024-03-05,6657,10258.0,672,419020,13423,700,1630,2791,1034,590,4196,3135,299,442
2024-03-06,6678,10308.0,672,420270,13479,701,1642,2791,1034,590,4196,3135,299,442
2024-03-07,6695,10350.0,672,421430,13532,701,1647,2803,1038,590,4206,3134,299,442
2024-03-08,6706,10375.0,672,422310,13598,704,1656,2803,1038,590,4206,3134,299,442
2024-03-09,6712,10428.0,672,423160,13683,707,1666,2813,1038,590,4233,3144,299,442
2024-03-10,6731,10466.0,672,424060,13752,709,1672,2813,1038,590,4233,3144,299,442
2024-03-12,6747,10522.0,672,425890,13870,713,1691,2813,1039,590,4233,3144,301,442
2024-03-13,6752,10554.0,672,426870,13932,715,1699,2827,1046,591,4267,3152,301,445
2024-03-14,6757,10565.0,672,427840,13959,717,1708,2827,1046,591,4267,3152,301,445
2024-03-15,6758,10580.0,672,428420,13993,717,1711,2827,1046,591,4267,3152,301,445
2024-03-16,6779,10606.0,672,429580,14024,719,1712,2827,1046,591,4267,3152,301,445
2024-03-17,6790,10634.0,672,428580,14073,720,1723,2827,1046,591,4267,3152,301,445
2024-03-18,6809,10668.0,672,431550,14141,720,1731,2827,1046,591,4267,3152,301,445
2024-03-19,6819,10698.0,672,432390,14191,721,1735,2827,1046,591,4267,3152,301,445
2024-03-20,6828,10714.0,672,431390,14198,721,1738,2850,1057,592,4310,3166,301,448
2024-03-21,6832,10740.0,672,433840,14242,721,1741,2850,1057,592,4310,3166,301,448
2024-03-22,6840,10775.0,672,434710,14287,723,1749,2850,1057,592,4310,3166,301,448
2024-03-23,6852,10811.0,672,435760,14344,723,1768,2850,1057,592,4310,3166,301,448
2024-03-24,6876,10855.0,672,436750,14407,723,1778,2856,1059,592,4334,3175,301,449
2024-03-25,6887,10877.0,672,437390,14454,726,1785,2856,1059,592,4334,3175,301,449
2024-03-26,6893,10904.0,672,438160,14498,727,1789,2864,1062,592,4348,3174,302,451
2024-03-27,6904,10931.0,672,439190,14539,728,1794,2864,1062,592,4348,3174,302,451
2024-03-28,6914,10963.0,672,439970,14595,729,1800,2864,1062,592,4348,3174,302,451
2024-03-29,6922,10991.0,672,440790,14645,735,1807,2873,1065,593,4351,3176,304,453
2024-03-30,6951,11006.0,672,441520,14670,736,1814,2873,1065,593,4354,3176,304,453
2024-03-31,6966,11050.0,672,442170,14717,743,1823,2873,1065,593,4354,3176,304,453
2024-04-01,6986,11082.0,672,442880,14752,744,1826,2878,1067,593,4366,3180,306,456
2024-04-02,6998,11112.0,672,443660,14783,744,1832,2878,1067,593,4366,3180,306,456
2024-04-03,7009,11142.0,672,444370,14813,745,1838,2878,1067,593,4366,3180,306,456
2024-04-04,7018,11171.0,672,445040,14861,746,1845,2891,1072,596,4408,3190,306,457
2024-04-05,7033,11221.0,672,445900,14922,747,1849,2891,1072,596,4408,3190,306,457
2024-04-06,7057,11262.0,672,446690,14992,749,1854,2891,1072,596,4408,3190,306,457
2024-04-07,7074,11316.0,672,447510,15071,749,1864,2906,1074,596,4434,3198,306,457
2024-04-08,7087,11356.0,672,448400,15110,751,1867,2906,1074,596,4434,3198,306,457
